-- phpMyAdmin SQL Dump
-- version 5.1.1
-- https://www.phpmyadmin.net/
--
-- 主機： 127.0.0.1
-- 產生時間： 2021-12-19 09:24:56
-- 伺服器版本： 10.4.21-MariaDB
-- PHP 版本： 7.4.24

SET SQL_MODE = "NO_AUTO_VALUE_ON_ZERO";
START TRANSACTION;
SET time_zone = "+00:00";


/*!40101 SET @OLD_CHARACTER_SET_CLIENT=@@CHARACTER_SET_CLIENT */;
/*!40101 SET @OLD_CHARACTER_SET_RESULTS=@@CHARACTER_SET_RESULTS */;
/*!40101 SET @OLD_COLLATION_CONNECTION=@@COLLATION_CONNECTION */;
/*!40101 SET NAMES utf8mb4 */;

--
-- 資料庫: `db_laravel_1219`
--

-- --------------------------------------------------------

--
-- 資料表結構 `failed_jobs`
--

CREATE TABLE `failed_jobs` (
  `id` bigint(20) UNSIGNED NOT NULL,
  `uuid` varchar(255) COLLATE utf8mb4_unicode_ci NOT NULL,
  `connection` text COLLATE utf8mb4_unicode_ci NOT NULL,
  `queue` text COLLATE utf8mb4_unicode_ci NOT NULL,
  `payload` longtext COLLATE utf8mb4_unicode_ci NOT NULL,
  `exception` longtext COLLATE utf8mb4_unicode_ci NOT NULL,
  `failed_at` timestamp NOT NULL DEFAULT current_timestamp()
) ENGINE=InnoDB DEFAULT CHARSET=utf8mb4 COLLATE=utf8mb4_unicode_ci;

-- --------------------------------------------------------

--
-- 資料表結構 `locations`
--

CREATE TABLE `locations` (
  `id` bigint(20) UNSIGNED NOT NULL,
  `student_id` int(11) NOT NULL,
  `name` varchar(255) COLLATE utf8mb4_unicode_ci NOT NULL,
  `created_at` timestamp NULL DEFAULT NULL,
  `updated_at` timestamp NULL DEFAULT NULL
) ENGINE=InnoDB DEFAULT CHARSET=utf8mb4 COLLATE=utf8mb4_unicode_ci;

-- --------------------------------------------------------

--
-- 資料表結構 `loves`
--

CREATE TABLE `loves` (
  `id` bigint(20) UNSIGNED NOT NULL,
  `student_id` int(11) NOT NULL,
  `name` varchar(255) COLLATE utf8mb4_unicode_ci NOT NULL,
  `created_at` timestamp NULL DEFAULT NULL,
  `updated_at` timestamp NULL DEFAULT NULL
) ENGINE=InnoDB DEFAULT CHARSET=utf8mb4 COLLATE=utf8mb4_unicode_ci;

--
-- 傾印資料表的資料 `loves`
--

INSERT INTO `loves` (`id`, `student_id`, `name`, `created_at`, `updated_at`) VALUES
(1, 1, 'love736', '2021-12-19 07:48:22', '2021-12-19 07:48:22'),
(2, 1, 'love273', '2021-12-19 07:48:22', '2021-12-19 07:48:22'),
(3, 1, 'love208', '2021-12-19 07:48:22', '2021-12-19 07:48:22'),
(4, 1, 'love548', '2021-12-19 07:48:22', '2021-12-19 07:48:22'),
(5, 2, 'love348', '2021-12-19 07:48:22', '2021-12-19 07:48:22'),
(6, 2, 'love149', '2021-12-19 07:48:22', '2021-12-19 07:48:22'),
(7, 2, 'love262', '2021-12-19 07:48:22', '2021-12-19 07:48:22'),
(8, 3, 'love56', '2021-12-19 07:48:22', '2021-12-19 07:48:22'),
(9, 3, 'love833', '2021-12-19 07:48:22', '2021-12-19 07:48:22'),
(10, 3, 'love639', '2021-12-19 07:48:22', '2021-12-19 07:48:22'),
(11, 3, 'love113', '2021-12-19 07:48:22', '2021-12-19 07:48:22'),
(12, 4, 'love343', '2021-12-19 07:48:22', '2021-12-19 07:48:22'),
(13, 4, 'love383', '2021-12-19 07:48:22', '2021-12-19 07:48:22'),
(14, 4, 'love57', '2021-12-19 07:48:22', '2021-12-19 07:48:22'),
(15, 4, 'love805', '2021-12-19 07:48:22', '2021-12-19 07:48:22'),
(16, 4, 'love577', '2021-12-19 07:48:22', '2021-12-19 07:48:22'),
(17, 5, 'love285', '2021-12-19 07:48:22', '2021-12-19 07:48:22'),
(18, 5, 'love939', '2021-12-19 07:48:22', '2021-12-19 07:48:22'),
(19, 5, 'love605', '2021-12-19 07:48:22', '2021-12-19 07:48:22'),
(20, 5, 'love605', '2021-12-19 07:48:22', '2021-12-19 07:48:22'),
(21, 5, 'love131', '2021-12-19 07:48:22', '2021-12-19 07:48:22'),
(22, 6, 'love434', '2021-12-19 07:48:22', '2021-12-19 07:48:22'),
(23, 6, 'love937', '2021-12-19 07:48:22', '2021-12-19 07:48:22'),
(24, 6, 'love426', '2021-12-19 07:48:22', '2021-12-19 07:48:22'),
(25, 7, 'love790', '2021-12-19 07:48:22', '2021-12-19 07:48:22'),
(26, 7, 'love440', '2021-12-19 07:48:22', '2021-12-19 07:48:22'),
(27, 7, 'love140', '2021-12-19 07:48:22', '2021-12-19 07:48:22'),
(28, 7, 'love591', '2021-12-19 07:48:22', '2021-12-19 07:48:22'),
(29, 8, 'love436', '2021-12-19 07:48:22', '2021-12-19 07:48:22'),
(30, 8, 'love124', '2021-12-19 07:48:22', '2021-12-19 07:48:22'),
(31, 8, 'love670', '2021-12-19 07:48:22', '2021-12-19 07:48:22'),
(32, 8, 'love893', '2021-12-19 07:48:22', '2021-12-19 07:48:22'),
(33, 9, 'love827', '2021-12-19 07:48:22', '2021-12-19 07:48:22'),
(34, 9, 'love376', '2021-12-19 07:48:22', '2021-12-19 07:48:22'),
(35, 9, 'love659', '2021-12-19 07:48:22', '2021-12-19 07:48:22'),
(36, 10, 'love744', '2021-12-19 07:48:22', '2021-12-19 07:48:22'),
(37, 10, 'love271', '2021-12-19 07:48:22', '2021-12-19 07:48:22'),
(38, 10, 'love885', '2021-12-19 07:48:22', '2021-12-19 07:48:22'),
(39, 10, 'love510', '2021-12-19 07:48:22', '2021-12-19 07:48:22'),
(40, 11, 'love688', '2021-12-19 07:48:22', '2021-12-19 07:48:22'),
(41, 11, 'love385', '2021-12-19 07:48:22', '2021-12-19 07:48:22'),
(42, 11, 'love514', '2021-12-19 07:48:22', '2021-12-19 07:48:22'),
(43, 12, 'love830', '2021-12-19 07:48:22', '2021-12-19 07:48:22'),
(44, 12, 'love391', '2021-12-19 07:48:22', '2021-12-19 07:48:22'),
(45, 12, 'love0', '2021-12-19 07:48:22', '2021-12-19 07:48:22'),
(46, 12, 'love785', '2021-12-19 07:48:22', '2021-12-19 07:48:22'),
(47, 13, 'love663', '2021-12-19 07:48:22', '2021-12-19 07:48:22'),
(48, 13, 'love250', '2021-12-19 07:48:22', '2021-12-19 07:48:22'),
(49, 13, 'love138', '2021-12-19 07:48:22', '2021-12-19 07:48:22'),
(50, 13, 'love632', '2021-12-19 07:48:22', '2021-12-19 07:48:22'),
(51, 14, 'love946', '2021-12-19 07:48:22', '2021-12-19 07:48:22'),
(52, 14, 'love846', '2021-12-19 07:48:22', '2021-12-19 07:48:22'),
(53, 14, 'love475', '2021-12-19 07:48:22', '2021-12-19 07:48:22'),
(54, 15, 'love642', '2021-12-19 07:48:22', '2021-12-19 07:48:22'),
(55, 15, 'love762', '2021-12-19 07:48:22', '2021-12-19 07:48:22'),
(56, 15, 'love990', '2021-12-19 07:48:22', '2021-12-19 07:48:22'),
(57, 15, 'love526', '2021-12-19 07:48:22', '2021-12-19 07:48:22'),
(58, 15, 'love462', '2021-12-19 07:48:22', '2021-12-19 07:48:22'),
(59, 16, 'love573', '2021-12-19 07:48:22', '2021-12-19 07:48:22'),
(60, 16, 'love730', '2021-12-19 07:48:22', '2021-12-19 07:48:22'),
(61, 16, 'love771', '2021-12-19 07:48:22', '2021-12-19 07:48:22'),
(62, 16, 'love950', '2021-12-19 07:48:22', '2021-12-19 07:48:22'),
(63, 17, 'love810', '2021-12-19 07:48:22', '2021-12-19 07:48:22'),
(64, 17, 'love605', '2021-12-19 07:48:22', '2021-12-19 07:48:22'),
(65, 17, 'love984', '2021-12-19 07:48:22', '2021-12-19 07:48:22'),
(66, 17, 'love960', '2021-12-19 07:48:22', '2021-12-19 07:48:22'),
(67, 17, 'love525', '2021-12-19 07:48:22', '2021-12-19 07:48:22'),
(68, 18, 'love5', '2021-12-19 07:48:22', '2021-12-19 07:48:22'),
(69, 18, 'love773', '2021-12-19 07:48:22', '2021-12-19 07:48:22'),
(70, 18, 'love18', '2021-12-19 07:48:22', '2021-12-19 07:48:22'),
(71, 18, 'love114', '2021-12-19 07:48:22', '2021-12-19 07:48:22'),
(72, 19, 'love246', '2021-12-19 07:48:22', '2021-12-19 07:48:22'),
(73, 19, 'love857', '2021-12-19 07:48:22', '2021-12-19 07:48:22'),
(74, 19, 'love878', '2021-12-19 07:48:22', '2021-12-19 07:48:22'),
(75, 20, 'love156', '2021-12-19 07:48:22', '2021-12-19 07:48:22'),
(76, 20, 'love771', '2021-12-19 07:48:22', '2021-12-19 07:48:22'),
(77, 20, 'love753', '2021-12-19 07:48:22', '2021-12-19 07:48:22'),
(78, 20, 'love80', '2021-12-19 07:48:22', '2021-12-19 07:48:22'),
(79, 20, 'love239', '2021-12-19 07:48:22', '2021-12-19 07:48:22'),
(80, 21, 'love825', '2021-12-19 07:48:22', '2021-12-19 07:48:22'),
(81, 21, 'love408', '2021-12-19 07:48:22', '2021-12-19 07:48:22'),
(82, 21, 'love941', '2021-12-19 07:48:22', '2021-12-19 07:48:22'),
(83, 22, 'love573', '2021-12-19 07:48:22', '2021-12-19 07:48:22'),
(84, 22, 'love815', '2021-12-19 07:48:22', '2021-12-19 07:48:22'),
(85, 22, 'love742', '2021-12-19 07:48:22', '2021-12-19 07:48:22'),
(86, 22, 'love30', '2021-12-19 07:48:22', '2021-12-19 07:48:22'),
(87, 22, 'love725', '2021-12-19 07:48:22', '2021-12-19 07:48:22'),
(88, 23, 'love409', '2021-12-19 07:48:22', '2021-12-19 07:48:22'),
(89, 23, 'love732', '2021-12-19 07:48:22', '2021-12-19 07:48:22'),
(90, 23, 'love870', '2021-12-19 07:48:22', '2021-12-19 07:48:22'),
(91, 24, 'love942', '2021-12-19 07:48:22', '2021-12-19 07:48:22'),
(92, 24, 'love639', '2021-12-19 07:48:22', '2021-12-19 07:48:22'),
(93, 24, 'love126', '2021-12-19 07:48:22', '2021-12-19 07:48:22'),
(94, 25, 'love507', '2021-12-19 07:48:22', '2021-12-19 07:48:22'),
(95, 25, 'love115', '2021-12-19 07:48:22', '2021-12-19 07:48:22'),
(96, 25, 'love119', '2021-12-19 07:48:22', '2021-12-19 07:48:22'),
(97, 25, 'love726', '2021-12-19 07:48:22', '2021-12-19 07:48:22'),
(98, 26, 'love449', '2021-12-19 07:48:22', '2021-12-19 07:48:22'),
(99, 26, 'love810', '2021-12-19 07:48:22', '2021-12-19 07:48:22'),
(100, 26, 'love620', '2021-12-19 07:48:22', '2021-12-19 07:48:22'),
(101, 26, 'love582', '2021-12-19 07:48:22', '2021-12-19 07:48:22'),
(102, 26, 'love483', '2021-12-19 07:48:22', '2021-12-19 07:48:22'),
(103, 27, 'love971', '2021-12-19 07:48:22', '2021-12-19 07:48:22'),
(104, 27, 'love794', '2021-12-19 07:48:22', '2021-12-19 07:48:22'),
(105, 27, 'love541', '2021-12-19 07:48:22', '2021-12-19 07:48:22'),
(106, 27, 'love170', '2021-12-19 07:48:22', '2021-12-19 07:48:22'),
(107, 27, 'love370', '2021-12-19 07:48:22', '2021-12-19 07:48:22'),
(108, 28, 'love734', '2021-12-19 07:48:22', '2021-12-19 07:48:22'),
(109, 28, 'love803', '2021-12-19 07:48:22', '2021-12-19 07:48:22'),
(110, 28, 'love548', '2021-12-19 07:48:22', '2021-12-19 07:48:22'),
(111, 28, 'love382', '2021-12-19 07:48:22', '2021-12-19 07:48:22'),
(112, 28, 'love125', '2021-12-19 07:48:22', '2021-12-19 07:48:22'),
(113, 29, 'love71', '2021-12-19 07:48:22', '2021-12-19 07:48:22'),
(114, 29, 'love393', '2021-12-19 07:48:22', '2021-12-19 07:48:22'),
(115, 29, 'love351', '2021-12-19 07:48:22', '2021-12-19 07:48:22'),
(116, 29, 'love872', '2021-12-19 07:48:22', '2021-12-19 07:48:22'),
(117, 29, 'love905', '2021-12-19 07:48:22', '2021-12-19 07:48:22'),
(118, 30, 'love285', '2021-12-19 07:48:22', '2021-12-19 07:48:22'),
(119, 30, 'love648', '2021-12-19 07:48:22', '2021-12-19 07:48:22'),
(120, 30, 'love349', '2021-12-19 07:48:22', '2021-12-19 07:48:22'),
(121, 30, 'love999', '2021-12-19 07:48:22', '2021-12-19 07:48:22'),
(122, 31, 'love208', '2021-12-19 07:48:22', '2021-12-19 07:48:22'),
(123, 31, 'love224', '2021-12-19 07:48:22', '2021-12-19 07:48:22'),
(124, 31, 'love728', '2021-12-19 07:48:22', '2021-12-19 07:48:22'),
(125, 32, 'love189', '2021-12-19 07:48:22', '2021-12-19 07:48:22'),
(126, 32, 'love290', '2021-12-19 07:48:22', '2021-12-19 07:48:22'),
(127, 32, 'love815', '2021-12-19 07:48:22', '2021-12-19 07:48:22'),
(128, 32, 'love968', '2021-12-19 07:48:22', '2021-12-19 07:48:22'),
(129, 32, 'love735', '2021-12-19 07:48:22', '2021-12-19 07:48:22'),
(130, 33, 'love647', '2021-12-19 07:48:22', '2021-12-19 07:48:22'),
(131, 33, 'love363', '2021-12-19 07:48:22', '2021-12-19 07:48:22'),
(132, 33, 'love639', '2021-12-19 07:48:22', '2021-12-19 07:48:22'),
(133, 33, 'love122', '2021-12-19 07:48:22', '2021-12-19 07:48:22'),
(134, 34, 'love784', '2021-12-19 07:48:22', '2021-12-19 07:48:22'),
(135, 34, 'love411', '2021-12-19 07:48:22', '2021-12-19 07:48:22'),
(136, 34, 'love105', '2021-12-19 07:48:22', '2021-12-19 07:48:22'),
(137, 35, 'love692', '2021-12-19 07:48:22', '2021-12-19 07:48:22'),
(138, 35, 'love948', '2021-12-19 07:48:22', '2021-12-19 07:48:22'),
(139, 35, 'love178', '2021-12-19 07:48:22', '2021-12-19 07:48:22'),
(140, 35, 'love870', '2021-12-19 07:48:22', '2021-12-19 07:48:22'),
(141, 35, 'love148', '2021-12-19 07:48:22', '2021-12-19 07:48:22'),
(142, 36, 'love477', '2021-12-19 07:48:22', '2021-12-19 07:48:22'),
(143, 36, 'love608', '2021-12-19 07:48:22', '2021-12-19 07:48:22'),
(144, 36, 'love132', '2021-12-19 07:48:22', '2021-12-19 07:48:22'),
(145, 37, 'love11', '2021-12-19 07:48:22', '2021-12-19 07:48:22'),
(146, 37, 'love59', '2021-12-19 07:48:22', '2021-12-19 07:48:22'),
(147, 37, 'love58', '2021-12-19 07:48:22', '2021-12-19 07:48:22'),
(148, 37, 'love952', '2021-12-19 07:48:22', '2021-12-19 07:48:22'),
(149, 38, 'love150', '2021-12-19 07:48:22', '2021-12-19 07:48:22'),
(150, 38, 'love192', '2021-12-19 07:48:22', '2021-12-19 07:48:22'),
(151, 38, 'love918', '2021-12-19 07:48:22', '2021-12-19 07:48:22'),
(152, 39, 'love823', '2021-12-19 07:48:22', '2021-12-19 07:48:22'),
(153, 39, 'love856', '2021-12-19 07:48:22', '2021-12-19 07:48:22'),
(154, 39, 'love236', '2021-12-19 07:48:22', '2021-12-19 07:48:22'),
(155, 39, 'love302', '2021-12-19 07:48:22', '2021-12-19 07:48:22'),
(156, 40, 'love446', '2021-12-19 07:48:22', '2021-12-19 07:48:22'),
(157, 40, 'love368', '2021-12-19 07:48:22', '2021-12-19 07:48:22'),
(158, 40, 'love80', '2021-12-19 07:48:22', '2021-12-19 07:48:22'),
(159, 40, 'love682', '2021-12-19 07:48:22', '2021-12-19 07:48:22'),
(160, 41, 'love485', '2021-12-19 07:48:22', '2021-12-19 07:48:22'),
(161, 41, 'love158', '2021-12-19 07:48:22', '2021-12-19 07:48:22'),
(162, 41, 'love237', '2021-12-19 07:48:22', '2021-12-19 07:48:22'),
(163, 42, 'love511', '2021-12-19 07:48:22', '2021-12-19 07:48:22'),
(164, 42, 'love144', '2021-12-19 07:48:22', '2021-12-19 07:48:22'),
(165, 42, 'love922', '2021-12-19 07:48:22', '2021-12-19 07:48:22'),
(166, 43, 'love868', '2021-12-19 07:48:22', '2021-12-19 07:48:22'),
(167, 43, 'love895', '2021-12-19 07:48:22', '2021-12-19 07:48:22'),
(168, 43, 'love135', '2021-12-19 07:48:22', '2021-12-19 07:48:22'),
(169, 43, 'love832', '2021-12-19 07:48:22', '2021-12-19 07:48:22'),
(170, 43, 'love791', '2021-12-19 07:48:22', '2021-12-19 07:48:22'),
(171, 44, 'love596', '2021-12-19 07:48:22', '2021-12-19 07:48:22'),
(172, 44, 'love910', '2021-12-19 07:48:22', '2021-12-19 07:48:22'),
(173, 44, 'love593', '2021-12-19 07:48:22', '2021-12-19 07:48:22'),
(174, 45, 'love379', '2021-12-19 07:48:22', '2021-12-19 07:48:22'),
(175, 45, 'love1', '2021-12-19 07:48:22', '2021-12-19 07:48:22'),
(176, 45, 'love394', '2021-12-19 07:48:22', '2021-12-19 07:48:22'),
(177, 45, 'love812', '2021-12-19 07:48:22', '2021-12-19 07:48:22'),
(178, 45, 'love608', '2021-12-19 07:48:22', '2021-12-19 07:48:22'),
(179, 46, 'love311', '2021-12-19 07:48:22', '2021-12-19 07:48:22'),
(180, 46, 'love325', '2021-12-19 07:48:22', '2021-12-19 07:48:22'),
(181, 46, 'love814', '2021-12-19 07:48:22', '2021-12-19 07:48:22'),
(182, 46, 'love315', '2021-12-19 07:48:22', '2021-12-19 07:48:22'),
(183, 47, 'love857', '2021-12-19 07:48:22', '2021-12-19 07:48:22'),
(184, 47, 'love240', '2021-12-19 07:48:22', '2021-12-19 07:48:22'),
(185, 47, 'love713', '2021-12-19 07:48:22', '2021-12-19 07:48:22'),
(186, 47, 'love186', '2021-12-19 07:48:22', '2021-12-19 07:48:22'),
(187, 47, 'love78', '2021-12-19 07:48:22', '2021-12-19 07:48:22'),
(188, 48, 'love318', '2021-12-19 07:48:22', '2021-12-19 07:48:22'),
(189, 48, 'love356', '2021-12-19 07:48:22', '2021-12-19 07:48:22'),
(190, 48, 'love329', '2021-12-19 07:48:22', '2021-12-19 07:48:22'),
(191, 48, 'love759', '2021-12-19 07:48:22', '2021-12-19 07:48:22'),
(192, 48, 'love508', '2021-12-19 07:48:22', '2021-12-19 07:48:22'),
(193, 49, 'love411', '2021-12-19 07:48:22', '2021-12-19 07:48:22'),
(194, 49, 'love25', '2021-12-19 07:48:22', '2021-12-19 07:48:22'),
(195, 49, 'love1', '2021-12-19 07:48:22', '2021-12-19 07:48:22'),
(196, 50, 'love777', '2021-12-19 07:48:22', '2021-12-19 07:48:22'),
(197, 50, 'love276', '2021-12-19 07:48:22', '2021-12-19 07:48:22'),
(198, 50, 'love924', '2021-12-19 07:48:22', '2021-12-19 07:48:22'),
(199, 50, 'love681', '2021-12-19 07:48:22', '2021-12-19 07:48:22'),
(200, 51, 'love575', '2021-12-19 07:48:22', '2021-12-19 07:48:22'),
(201, 51, 'love920', '2021-12-19 07:48:22', '2021-12-19 07:48:22'),
(202, 51, 'love164', '2021-12-19 07:48:22', '2021-12-19 07:48:22'),
(203, 51, 'love449', '2021-12-19 07:48:22', '2021-12-19 07:48:22'),
(204, 52, 'love603', '2021-12-19 07:48:22', '2021-12-19 07:48:22'),
(205, 52, 'love496', '2021-12-19 07:48:22', '2021-12-19 07:48:22'),
(206, 52, 'love699', '2021-12-19 07:48:22', '2021-12-19 07:48:22'),
(207, 52, 'love669', '2021-12-19 07:48:22', '2021-12-19 07:48:22'),
(208, 53, 'love640', '2021-12-19 07:48:22', '2021-12-19 07:48:22'),
(209, 53, 'love415', '2021-12-19 07:48:22', '2021-12-19 07:48:22'),
(210, 53, 'love460', '2021-12-19 07:48:22', '2021-12-19 07:48:22'),
(211, 53, 'love131', '2021-12-19 07:48:22', '2021-12-19 07:48:22'),
(212, 54, 'love246', '2021-12-19 07:48:22', '2021-12-19 07:48:22'),
(213, 54, 'love526', '2021-12-19 07:48:22', '2021-12-19 07:48:22'),
(214, 54, 'love160', '2021-12-19 07:48:22', '2021-12-19 07:48:22'),
(215, 54, 'love343', '2021-12-19 07:48:22', '2021-12-19 07:48:22'),
(216, 54, 'love273', '2021-12-19 07:48:22', '2021-12-19 07:48:22'),
(217, 55, 'love830', '2021-12-19 07:48:22', '2021-12-19 07:48:22'),
(218, 55, 'love848', '2021-12-19 07:48:22', '2021-12-19 07:48:22'),
(219, 55, 'love962', '2021-12-19 07:48:22', '2021-12-19 07:48:22'),
(220, 55, 'love70', '2021-12-19 07:48:22', '2021-12-19 07:48:22'),
(221, 55, 'love374', '2021-12-19 07:48:22', '2021-12-19 07:48:22'),
(222, 56, 'love172', '2021-12-19 07:48:22', '2021-12-19 07:48:22'),
(223, 56, 'love307', '2021-12-19 07:48:22', '2021-12-19 07:48:22'),
(224, 56, 'love103', '2021-12-19 07:48:22', '2021-12-19 07:48:22'),
(225, 57, 'love87', '2021-12-19 07:48:22', '2021-12-19 07:48:22'),
(226, 57, 'love217', '2021-12-19 07:48:22', '2021-12-19 07:48:22'),
(227, 57, 'love983', '2021-12-19 07:48:22', '2021-12-19 07:48:22'),
(228, 57, 'love718', '2021-12-19 07:48:22', '2021-12-19 07:48:22'),
(229, 57, 'love764', '2021-12-19 07:48:22', '2021-12-19 07:48:22'),
(230, 58, 'love825', '2021-12-19 07:48:22', '2021-12-19 07:48:22'),
(231, 58, 'love42', '2021-12-19 07:48:22', '2021-12-19 07:48:22'),
(232, 58, 'love727', '2021-12-19 07:48:22', '2021-12-19 07:48:22'),
(233, 58, 'love808', '2021-12-19 07:48:22', '2021-12-19 07:48:22'),
(234, 58, 'love87', '2021-12-19 07:48:22', '2021-12-19 07:48:22'),
(235, 59, 'love146', '2021-12-19 07:48:22', '2021-12-19 07:48:22'),
(236, 59, 'love529', '2021-12-19 07:48:22', '2021-12-19 07:48:22'),
(237, 59, 'love492', '2021-12-19 07:48:22', '2021-12-19 07:48:22'),
(238, 59, 'love302', '2021-12-19 07:48:22', '2021-12-19 07:48:22'),
(239, 60, 'love916', '2021-12-19 07:48:22', '2021-12-19 07:48:22'),
(240, 60, 'love346', '2021-12-19 07:48:22', '2021-12-19 07:48:22'),
(241, 60, 'love885', '2021-12-19 07:48:22', '2021-12-19 07:48:22'),
(242, 60, 'love866', '2021-12-19 07:48:22', '2021-12-19 07:48:22'),
(243, 60, 'love643', '2021-12-19 07:48:22', '2021-12-19 07:48:22'),
(244, 61, 'love584', '2021-12-19 07:48:22', '2021-12-19 07:48:22'),
(245, 61, 'love849', '2021-12-19 07:48:22', '2021-12-19 07:48:22'),
(246, 61, 'love475', '2021-12-19 07:48:22', '2021-12-19 07:48:22'),
(247, 62, 'love139', '2021-12-19 07:48:22', '2021-12-19 07:48:22'),
(248, 62, 'love46', '2021-12-19 07:48:22', '2021-12-19 07:48:22'),
(249, 62, 'love632', '2021-12-19 07:48:22', '2021-12-19 07:48:22'),
(250, 62, 'love959', '2021-12-19 07:48:22', '2021-12-19 07:48:22'),
(251, 62, 'love722', '2021-12-19 07:48:22', '2021-12-19 07:48:22'),
(252, 63, 'love722', '2021-12-19 07:48:22', '2021-12-19 07:48:22'),
(253, 63, 'love750', '2021-12-19 07:48:22', '2021-12-19 07:48:22'),
(254, 63, 'love654', '2021-12-19 07:48:22', '2021-12-19 07:48:22'),
(255, 63, 'love413', '2021-12-19 07:48:22', '2021-12-19 07:48:22'),
(256, 63, 'love122', '2021-12-19 07:48:22', '2021-12-19 07:48:22'),
(257, 64, 'love753', '2021-12-19 07:48:22', '2021-12-19 07:48:22'),
(258, 64, 'love221', '2021-12-19 07:48:22', '2021-12-19 07:48:22'),
(259, 64, 'love386', '2021-12-19 07:48:22', '2021-12-19 07:48:22'),
(260, 64, 'love135', '2021-12-19 07:48:22', '2021-12-19 07:48:22'),
(261, 65, 'love113', '2021-12-19 07:48:22', '2021-12-19 07:48:22'),
(262, 65, 'love34', '2021-12-19 07:48:22', '2021-12-19 07:48:22'),
(263, 65, 'love481', '2021-12-19 07:48:22', '2021-12-19 07:48:22'),
(264, 65, 'love128', '2021-12-19 07:48:22', '2021-12-19 07:48:22'),
(265, 65, 'love694', '2021-12-19 07:48:22', '2021-12-19 07:48:22'),
(266, 66, 'love568', '2021-12-19 07:48:22', '2021-12-19 07:48:22'),
(267, 66, 'love863', '2021-12-19 07:48:22', '2021-12-19 07:48:22'),
(268, 66, 'love642', '2021-12-19 07:48:22', '2021-12-19 07:48:22'),
(269, 66, 'love610', '2021-12-19 07:48:22', '2021-12-19 07:48:22'),
(270, 66, 'love812', '2021-12-19 07:48:22', '2021-12-19 07:48:22'),
(271, 67, 'love153', '2021-12-19 07:48:22', '2021-12-19 07:48:22'),
(272, 67, 'love944', '2021-12-19 07:48:22', '2021-12-19 07:48:22'),
(273, 67, 'love878', '2021-12-19 07:48:22', '2021-12-19 07:48:22'),
(274, 67, 'love690', '2021-12-19 07:48:22', '2021-12-19 07:48:22'),
(275, 68, 'love697', '2021-12-19 07:48:22', '2021-12-19 07:48:22'),
(276, 68, 'love908', '2021-12-19 07:48:22', '2021-12-19 07:48:22'),
(277, 68, 'love352', '2021-12-19 07:48:22', '2021-12-19 07:48:22'),
(278, 68, 'love441', '2021-12-19 07:48:22', '2021-12-19 07:48:22'),
(279, 68, 'love488', '2021-12-19 07:48:22', '2021-12-19 07:48:22'),
(280, 69, 'love506', '2021-12-19 07:48:22', '2021-12-19 07:48:22'),
(281, 69, 'love47', '2021-12-19 07:48:22', '2021-12-19 07:48:22'),
(282, 69, 'love235', '2021-12-19 07:48:22', '2021-12-19 07:48:22'),
(283, 69, 'love61', '2021-12-19 07:48:22', '2021-12-19 07:48:22'),
(284, 70, 'love918', '2021-12-19 07:48:22', '2021-12-19 07:48:22'),
(285, 70, 'love936', '2021-12-19 07:48:22', '2021-12-19 07:48:22'),
(286, 70, 'love953', '2021-12-19 07:48:22', '2021-12-19 07:48:22'),
(287, 70, 'love191', '2021-12-19 07:48:22', '2021-12-19 07:48:22'),
(288, 71, 'love946', '2021-12-19 07:48:22', '2021-12-19 07:48:22'),
(289, 71, 'love310', '2021-12-19 07:48:22', '2021-12-19 07:48:22'),
(290, 71, 'love966', '2021-12-19 07:48:22', '2021-12-19 07:48:22'),
(291, 71, 'love878', '2021-12-19 07:48:22', '2021-12-19 07:48:22'),
(292, 72, 'love661', '2021-12-19 07:48:22', '2021-12-19 07:48:22'),
(293, 72, 'love137', '2021-12-19 07:48:22', '2021-12-19 07:48:22'),
(294, 72, 'love704', '2021-12-19 07:48:22', '2021-12-19 07:48:22'),
(295, 72, 'love821', '2021-12-19 07:48:22', '2021-12-19 07:48:22'),
(296, 72, 'love879', '2021-12-19 07:48:22', '2021-12-19 07:48:22'),
(297, 73, 'love249', '2021-12-19 07:48:22', '2021-12-19 07:48:22'),
(298, 73, 'love71', '2021-12-19 07:48:22', '2021-12-19 07:48:22'),
(299, 73, 'love339', '2021-12-19 07:48:22', '2021-12-19 07:48:22'),
(300, 74, 'love979', '2021-12-19 07:48:22', '2021-12-19 07:48:22'),
(301, 74, 'love419', '2021-12-19 07:48:22', '2021-12-19 07:48:22'),
(302, 74, 'love161', '2021-12-19 07:48:22', '2021-12-19 07:48:22'),
(303, 74, 'love126', '2021-12-19 07:48:22', '2021-12-19 07:48:22'),
(304, 75, 'love972', '2021-12-19 07:48:22', '2021-12-19 07:48:22'),
(305, 75, 'love396', '2021-12-19 07:48:22', '2021-12-19 07:48:22'),
(306, 75, 'love302', '2021-12-19 07:48:22', '2021-12-19 07:48:22'),
(307, 76, 'love891', '2021-12-19 07:48:22', '2021-12-19 07:48:22'),
(308, 76, 'love340', '2021-12-19 07:48:22', '2021-12-19 07:48:22'),
(309, 76, 'love406', '2021-12-19 07:48:22', '2021-12-19 07:48:22'),
(310, 76, 'love495', '2021-12-19 07:48:22', '2021-12-19 07:48:22'),
(311, 77, 'love767', '2021-12-19 07:48:22', '2021-12-19 07:48:22'),
(312, 77, 'love108', '2021-12-19 07:48:22', '2021-12-19 07:48:22'),
(313, 77, 'love29', '2021-12-19 07:48:22', '2021-12-19 07:48:22'),
(314, 78, 'love447', '2021-12-19 07:48:22', '2021-12-19 07:48:22'),
(315, 78, 'love539', '2021-12-19 07:48:22', '2021-12-19 07:48:22'),
(316, 78, 'love520', '2021-12-19 07:48:22', '2021-12-19 07:48:22'),
(317, 78, 'love224', '2021-12-19 07:48:22', '2021-12-19 07:48:22'),
(318, 79, 'love753', '2021-12-19 07:48:22', '2021-12-19 07:48:22'),
(319, 79, 'love332', '2021-12-19 07:48:22', '2021-12-19 07:48:22'),
(320, 79, 'love487', '2021-12-19 07:48:22', '2021-12-19 07:48:22'),
(321, 79, 'love500', '2021-12-19 07:48:22', '2021-12-19 07:48:22'),
(322, 80, 'love880', '2021-12-19 07:48:22', '2021-12-19 07:48:22'),
(323, 80, 'love905', '2021-12-19 07:48:22', '2021-12-19 07:48:22'),
(324, 80, 'love121', '2021-12-19 07:48:22', '2021-12-19 07:48:22'),
(325, 80, 'love301', '2021-12-19 07:48:22', '2021-12-19 07:48:22'),
(326, 80, 'love997', '2021-12-19 07:48:22', '2021-12-19 07:48:22'),
(327, 81, 'love40', '2021-12-19 07:48:22', '2021-12-19 07:48:22'),
(328, 81, 'love632', '2021-12-19 07:48:22', '2021-12-19 07:48:22'),
(329, 81, 'love598', '2021-12-19 07:48:22', '2021-12-19 07:48:22'),
(330, 82, 'love256', '2021-12-19 07:48:22', '2021-12-19 07:48:22'),
(331, 82, 'love573', '2021-12-19 07:48:22', '2021-12-19 07:48:22'),
(332, 82, 'love459', '2021-12-19 07:48:22', '2021-12-19 07:48:22'),
(333, 82, 'love943', '2021-12-19 07:48:22', '2021-12-19 07:48:22'),
(334, 82, 'love721', '2021-12-19 07:48:22', '2021-12-19 07:48:22'),
(335, 83, 'love229', '2021-12-19 07:48:22', '2021-12-19 07:48:22'),
(336, 83, 'love448', '2021-12-19 07:48:22', '2021-12-19 07:48:22'),
(337, 83, 'love87', '2021-12-19 07:48:22', '2021-12-19 07:48:22'),
(338, 83, 'love894', '2021-12-19 07:48:22', '2021-12-19 07:48:22'),
(339, 83, 'love322', '2021-12-19 07:48:22', '2021-12-19 07:48:22'),
(340, 84, 'love887', '2021-12-19 07:48:22', '2021-12-19 07:48:22'),
(341, 84, 'love152', '2021-12-19 07:48:22', '2021-12-19 07:48:22'),
(342, 84, 'love806', '2021-12-19 07:48:22', '2021-12-19 07:48:22'),
(343, 84, 'love172', '2021-12-19 07:48:22', '2021-12-19 07:48:22'),
(344, 84, 'love164', '2021-12-19 07:48:22', '2021-12-19 07:48:22'),
(345, 85, 'love305', '2021-12-19 07:48:22', '2021-12-19 07:48:22'),
(346, 85, 'love19', '2021-12-19 07:48:22', '2021-12-19 07:48:22'),
(347, 85, 'love435', '2021-12-19 07:48:22', '2021-12-19 07:48:22'),
(348, 85, 'love967', '2021-12-19 07:48:22', '2021-12-19 07:48:22'),
(349, 86, 'love175', '2021-12-19 07:48:22', '2021-12-19 07:48:22'),
(350, 86, 'love128', '2021-12-19 07:48:22', '2021-12-19 07:48:22'),
(351, 86, 'love702', '2021-12-19 07:48:22', '2021-12-19 07:48:22'),
(352, 87, 'love713', '2021-12-19 07:48:22', '2021-12-19 07:48:22'),
(353, 87, 'love936', '2021-12-19 07:48:22', '2021-12-19 07:48:22'),
(354, 87, 'love336', '2021-12-19 07:48:22', '2021-12-19 07:48:22'),
(355, 87, 'love954', '2021-12-19 07:48:22', '2021-12-19 07:48:22'),
(356, 88, 'love764', '2021-12-19 07:48:22', '2021-12-19 07:48:22'),
(357, 88, 'love573', '2021-12-19 07:48:22', '2021-12-19 07:48:22'),
(358, 88, 'love77', '2021-12-19 07:48:22', '2021-12-19 07:48:22'),
(359, 89, 'love636', '2021-12-19 07:48:22', '2021-12-19 07:48:22'),
(360, 89, 'love421', '2021-12-19 07:48:22', '2021-12-19 07:48:22'),
(361, 89, 'love53', '2021-12-19 07:48:22', '2021-12-19 07:48:22'),
(362, 89, 'love964', '2021-12-19 07:48:22', '2021-12-19 07:48:22'),
(363, 89, 'love193', '2021-12-19 07:48:22', '2021-12-19 07:48:22'),
(364, 90, 'love42', '2021-12-19 07:48:22', '2021-12-19 07:48:22'),
(365, 90, 'love473', '2021-12-19 07:48:22', '2021-12-19 07:48:22'),
(366, 90, 'love338', '2021-12-19 07:48:22', '2021-12-19 07:48:22'),
(367, 90, 'love744', '2021-12-19 07:48:22', '2021-12-19 07:48:22'),
(368, 91, 'love699', '2021-12-19 07:48:22', '2021-12-19 07:48:22'),
(369, 91, 'love14', '2021-12-19 07:48:22', '2021-12-19 07:48:22'),
(370, 91, 'love758', '2021-12-19 07:48:22', '2021-12-19 07:48:22'),
(371, 91, 'love143', '2021-12-19 07:48:22', '2021-12-19 07:48:22'),
(372, 91, 'love175', '2021-12-19 07:48:22', '2021-12-19 07:48:22'),
(373, 92, 'love638', '2021-12-19 07:48:22', '2021-12-19 07:48:22'),
(374, 92, 'love527', '2021-12-19 07:48:22', '2021-12-19 07:48:22'),
(375, 92, 'love839', '2021-12-19 07:48:22', '2021-12-19 07:48:22'),
(376, 92, 'love650', '2021-12-19 07:48:22', '2021-12-19 07:48:22'),
(377, 92, 'love833', '2021-12-19 07:48:22', '2021-12-19 07:48:22'),
(378, 93, 'love624', '2021-12-19 07:48:22', '2021-12-19 07:48:22'),
(379, 93, 'love190', '2021-12-19 07:48:22', '2021-12-19 07:48:22'),
(380, 93, 'love255', '2021-12-19 07:48:22', '2021-12-19 07:48:22'),
(381, 94, 'love391', '2021-12-19 07:48:22', '2021-12-19 07:48:22'),
(382, 94, 'love920', '2021-12-19 07:48:22', '2021-12-19 07:48:22'),
(383, 94, 'love322', '2021-12-19 07:48:22', '2021-12-19 07:48:22'),
(384, 94, 'love266', '2021-12-19 07:48:22', '2021-12-19 07:48:22'),
(385, 94, 'love287', '2021-12-19 07:48:22', '2021-12-19 07:48:22'),
(386, 95, 'love274', '2021-12-19 07:48:22', '2021-12-19 07:48:22'),
(387, 95, 'love184', '2021-12-19 07:48:22', '2021-12-19 07:48:22'),
(388, 95, 'love586', '2021-12-19 07:48:22', '2021-12-19 07:48:22'),
(389, 96, 'love334', '2021-12-19 07:48:22', '2021-12-19 07:48:22'),
(390, 96, 'love311', '2021-12-19 07:48:22', '2021-12-19 07:48:22'),
(391, 96, 'love640', '2021-12-19 07:48:22', '2021-12-19 07:48:22'),
(392, 96, 'love430', '2021-12-19 07:48:22', '2021-12-19 07:48:22'),
(393, 96, 'love144', '2021-12-19 07:48:22', '2021-12-19 07:48:22'),
(394, 97, 'love221', '2021-12-19 07:48:22', '2021-12-19 07:48:22'),
(395, 97, 'love962', '2021-12-19 07:48:22', '2021-12-19 07:48:22'),
(396, 97, 'love161', '2021-12-19 07:48:22', '2021-12-19 07:48:22'),
(397, 97, 'love115', '2021-12-19 07:48:22', '2021-12-19 07:48:22'),
(398, 97, 'love911', '2021-12-19 07:48:22', '2021-12-19 07:48:22'),
(399, 98, 'love301', '2021-12-19 07:48:22', '2021-12-19 07:48:22'),
(400, 98, 'love957', '2021-12-19 07:48:22', '2021-12-19 07:48:22'),
(401, 98, 'love981', '2021-12-19 07:48:22', '2021-12-19 07:48:22'),
(402, 98, 'love720', '2021-12-19 07:48:22', '2021-12-19 07:48:22'),
(403, 98, 'love86', '2021-12-19 07:48:22', '2021-12-19 07:48:22'),
(404, 99, 'love903', '2021-12-19 07:48:22', '2021-12-19 07:48:22'),
(405, 99, 'love570', '2021-12-19 07:48:22', '2021-12-19 07:48:22'),
(406, 99, 'love225', '2021-12-19 07:48:22', '2021-12-19 07:48:22'),
(407, 99, 'love86', '2021-12-19 07:48:22', '2021-12-19 07:48:22'),
(408, 100, 'love61', '2021-12-19 07:48:22', '2021-12-19 07:48:22'),
(409, 100, 'love714', '2021-12-19 07:48:22', '2021-12-19 07:48:22'),
(410, 100, 'love590', '2021-12-19 07:48:22', '2021-12-19 07:48:22'),
(411, 101, 'love690', '2021-12-19 07:48:22', '2021-12-19 07:48:22'),
(412, 101, 'love364', '2021-12-19 07:48:22', '2021-12-19 07:48:22'),
(413, 101, 'love233', '2021-12-19 07:48:22', '2021-12-19 07:48:22'),
(414, 102, 'love141', '2021-12-19 07:48:22', '2021-12-19 07:48:22'),
(415, 102, 'love621', '2021-12-19 07:48:22', '2021-12-19 07:48:22'),
(416, 102, 'love416', '2021-12-19 07:48:22', '2021-12-19 07:48:22'),
(417, 102, 'love87', '2021-12-19 07:48:22', '2021-12-19 07:48:22'),
(418, 102, 'love923', '2021-12-19 07:48:22', '2021-12-19 07:48:22'),
(419, 103, 'love372', '2021-12-19 07:48:22', '2021-12-19 07:48:22'),
(420, 103, 'love403', '2021-12-19 07:48:22', '2021-12-19 07:48:22'),
(421, 103, 'love485', '2021-12-19 07:48:22', '2021-12-19 07:48:22'),
(422, 103, 'love188', '2021-12-19 07:48:22', '2021-12-19 07:48:22'),
(423, 103, 'love610', '2021-12-19 07:48:22', '2021-12-19 07:48:22'),
(424, 104, 'love364', '2021-12-19 07:48:22', '2021-12-19 07:48:22'),
(425, 104, 'love240', '2021-12-19 07:48:22', '2021-12-19 07:48:22'),
(426, 104, 'love77', '2021-12-19 07:48:22', '2021-12-19 07:48:22'),
(427, 105, 'love31', '2021-12-19 07:48:22', '2021-12-19 07:48:22'),
(428, 105, 'love74', '2021-12-19 07:48:22', '2021-12-19 07:48:22'),
(429, 105, 'love908', '2021-12-19 07:48:22', '2021-12-19 07:48:22'),
(430, 105, 'love324', '2021-12-19 07:48:22', '2021-12-19 07:48:22'),
(431, 105, 'love397', '2021-12-19 07:48:22', '2021-12-19 07:48:22'),
(432, 106, 'love568', '2021-12-19 07:48:22', '2021-12-19 07:48:22'),
(433, 106, 'love245', '2021-12-19 07:48:22', '2021-12-19 07:48:22'),
(434, 106, 'love439', '2021-12-19 07:48:22', '2021-12-19 07:48:22'),
(435, 107, 'love671', '2021-12-19 07:48:22', '2021-12-19 07:48:22'),
(436, 107, 'love982', '2021-12-19 07:48:22', '2021-12-19 07:48:22'),
(437, 107, 'love527', '2021-12-19 07:48:22', '2021-12-19 07:48:22'),
(438, 108, 'love302', '2021-12-19 07:48:22', '2021-12-19 07:48:22'),
(439, 108, 'love18', '2021-12-19 07:48:22', '2021-12-19 07:48:22'),
(440, 108, 'love934', '2021-12-19 07:48:22', '2021-12-19 07:48:22'),
(441, 108, 'love348', '2021-12-19 07:48:22', '2021-12-19 07:48:22'),
(442, 109, 'love362', '2021-12-19 07:48:22', '2021-12-19 07:48:22'),
(443, 109, 'love527', '2021-12-19 07:48:22', '2021-12-19 07:48:22'),
(444, 109, 'love617', '2021-12-19 07:48:22', '2021-12-19 07:48:22'),
(445, 109, 'love12', '2021-12-19 07:48:22', '2021-12-19 07:48:22'),
(446, 109, 'love331', '2021-12-19 07:48:22', '2021-12-19 07:48:22'),
(447, 110, 'love948', '2021-12-19 07:48:22', '2021-12-19 07:48:22'),
(448, 110, 'love572', '2021-12-19 07:48:22', '2021-12-19 07:48:22'),
(449, 110, 'love873', '2021-12-19 07:48:22', '2021-12-19 07:48:22'),
(450, 110, 'love344', '2021-12-19 07:48:22', '2021-12-19 07:48:22'),
(451, 110, 'love940', '2021-12-19 07:48:22', '2021-12-19 07:48:22'),
(452, 111, 'love581', '2021-12-19 07:48:22', '2021-12-19 07:48:22'),
(453, 111, 'love178', '2021-12-19 07:48:22', '2021-12-19 07:48:22'),
(454, 111, 'love834', '2021-12-19 07:48:22', '2021-12-19 07:48:22'),
(455, 111, 'love219', '2021-12-19 07:48:22', '2021-12-19 07:48:22'),
(456, 111, 'love637', '2021-12-19 07:48:22', '2021-12-19 07:48:22'),
(457, 112, 'love579', '2021-12-19 07:48:22', '2021-12-19 07:48:22'),
(458, 112, 'love981', '2021-12-19 07:48:22', '2021-12-19 07:48:22'),
(459, 112, 'love397', '2021-12-19 07:48:22', '2021-12-19 07:48:22'),
(460, 112, 'love186', '2021-12-19 07:48:22', '2021-12-19 07:48:22'),
(461, 113, 'love269', '2021-12-19 07:48:22', '2021-12-19 07:48:22'),
(462, 113, 'love423', '2021-12-19 07:48:22', '2021-12-19 07:48:22'),
(463, 113, 'love499', '2021-12-19 07:48:22', '2021-12-19 07:48:22'),
(464, 113, 'love467', '2021-12-19 07:48:22', '2021-12-19 07:48:22'),
(465, 113, 'love151', '2021-12-19 07:48:22', '2021-12-19 07:48:22'),
(466, 114, 'love428', '2021-12-19 07:48:22', '2021-12-19 07:48:22'),
(467, 114, 'love895', '2021-12-19 07:48:22', '2021-12-19 07:48:22'),
(468, 114, 'love230', '2021-12-19 07:48:22', '2021-12-19 07:48:22'),
(469, 114, 'love619', '2021-12-19 07:48:22', '2021-12-19 07:48:22'),
(470, 115, 'love685', '2021-12-19 07:48:22', '2021-12-19 07:48:22'),
(471, 115, 'love398', '2021-12-19 07:48:22', '2021-12-19 07:48:22'),
(472, 115, 'love182', '2021-12-19 07:48:22', '2021-12-19 07:48:22'),
(473, 115, 'love614', '2021-12-19 07:48:22', '2021-12-19 07:48:22'),
(474, 115, 'love296', '2021-12-19 07:48:22', '2021-12-19 07:48:22'),
(475, 116, 'love970', '2021-12-19 07:48:22', '2021-12-19 07:48:22'),
(476, 116, 'love423', '2021-12-19 07:48:22', '2021-12-19 07:48:22'),
(477, 116, 'love531', '2021-12-19 07:48:22', '2021-12-19 07:48:22'),
(478, 117, 'love467', '2021-12-19 07:48:22', '2021-12-19 07:48:22'),
(479, 117, 'love764', '2021-12-19 07:48:22', '2021-12-19 07:48:22'),
(480, 117, 'love198', '2021-12-19 07:48:22', '2021-12-19 07:48:22'),
(481, 117, 'love647', '2021-12-19 07:48:22', '2021-12-19 07:48:22'),
(482, 117, 'love904', '2021-12-19 07:48:22', '2021-12-19 07:48:22'),
(483, 118, 'love290', '2021-12-19 07:48:22', '2021-12-19 07:48:22'),
(484, 118, 'love356', '2021-12-19 07:48:22', '2021-12-19 07:48:22'),
(485, 118, 'love728', '2021-12-19 07:48:22', '2021-12-19 07:48:22'),
(486, 119, 'love764', '2021-12-19 07:48:22', '2021-12-19 07:48:22'),
(487, 119, 'love381', '2021-12-19 07:48:22', '2021-12-19 07:48:22'),
(488, 119, 'love563', '2021-12-19 07:48:22', '2021-12-19 07:48:22'),
(489, 119, 'love920', '2021-12-19 07:48:22', '2021-12-19 07:48:22'),
(490, 119, 'love97', '2021-12-19 07:48:22', '2021-12-19 07:48:22'),
(491, 120, 'love506', '2021-12-19 07:48:22', '2021-12-19 07:48:22'),
(492, 120, 'love352', '2021-12-19 07:48:22', '2021-12-19 07:48:22'),
(493, 120, 'love653', '2021-12-19 07:48:22', '2021-12-19 07:48:22'),
(494, 120, 'love441', '2021-12-19 07:48:22', '2021-12-19 07:48:22'),
(495, 121, 'love72', '2021-12-19 07:48:22', '2021-12-19 07:48:22'),
(496, 121, 'love53', '2021-12-19 07:48:22', '2021-12-19 07:48:22'),
(497, 121, 'love730', '2021-12-19 07:48:22', '2021-12-19 07:48:22'),
(498, 121, 'love531', '2021-12-19 07:48:22', '2021-12-19 07:48:22'),
(499, 122, 'love510', '2021-12-19 07:48:22', '2021-12-19 07:48:22'),
(500, 122, 'love304', '2021-12-19 07:48:22', '2021-12-19 07:48:22'),
(501, 122, 'love700', '2021-12-19 07:48:22', '2021-12-19 07:48:22'),
(502, 122, 'love802', '2021-12-19 07:48:22', '2021-12-19 07:48:22'),
(503, 123, 'love551', '2021-12-19 07:48:22', '2021-12-19 07:48:22'),
(504, 123, 'love669', '2021-12-19 07:48:22', '2021-12-19 07:48:22'),
(505, 123, 'love771', '2021-12-19 07:48:22', '2021-12-19 07:48:22'),
(506, 124, 'love420', '2021-12-19 07:48:22', '2021-12-19 07:48:22'),
(507, 124, 'love987', '2021-12-19 07:48:22', '2021-12-19 07:48:22'),
(508, 124, 'love384', '2021-12-19 07:48:22', '2021-12-19 07:48:22'),
(509, 125, 'love208', '2021-12-19 07:48:22', '2021-12-19 07:48:22'),
(510, 125, 'love211', '2021-12-19 07:48:22', '2021-12-19 07:48:22'),
(511, 125, 'love331', '2021-12-19 07:48:22', '2021-12-19 07:48:22'),
(512, 126, 'love285', '2021-12-19 07:48:22', '2021-12-19 07:48:22'),
(513, 126, 'love8', '2021-12-19 07:48:22', '2021-12-19 07:48:22'),
(514, 126, 'love679', '2021-12-19 07:48:22', '2021-12-19 07:48:22'),
(515, 126, 'love569', '2021-12-19 07:48:22', '2021-12-19 07:48:22'),
(516, 126, 'love291', '2021-12-19 07:48:22', '2021-12-19 07:48:22'),
(517, 127, 'love834', '2021-12-19 07:48:22', '2021-12-19 07:48:22'),
(518, 127, 'love324', '2021-12-19 07:48:22', '2021-12-19 07:48:22'),
(519, 127, 'love126', '2021-12-19 07:48:22', '2021-12-19 07:48:22'),
(520, 127, 'love753', '2021-12-19 07:48:22', '2021-12-19 07:48:22'),
(521, 128, 'love356', '2021-12-19 07:48:22', '2021-12-19 07:48:22'),
(522, 128, 'love908', '2021-12-19 07:48:22', '2021-12-19 07:48:22'),
(523, 128, 'love551', '2021-12-19 07:48:22', '2021-12-19 07:48:22'),
(524, 128, 'love469', '2021-12-19 07:48:22', '2021-12-19 07:48:22'),
(525, 128, 'love177', '2021-12-19 07:48:22', '2021-12-19 07:48:22'),
(526, 129, 'love18', '2021-12-19 07:48:22', '2021-12-19 07:48:22'),
(527, 129, 'love44', '2021-12-19 07:48:22', '2021-12-19 07:48:22'),
(528, 129, 'love877', '2021-12-19 07:48:22', '2021-12-19 07:48:22'),
(529, 129, 'love406', '2021-12-19 07:48:22', '2021-12-19 07:48:22'),
(530, 130, 'love351', '2021-12-19 07:48:22', '2021-12-19 07:48:22'),
(531, 130, 'love705', '2021-12-19 07:48:22', '2021-12-19 07:48:22'),
(532, 130, 'love506', '2021-12-19 07:48:22', '2021-12-19 07:48:22'),
(533, 130, 'love181', '2021-12-19 07:48:22', '2021-12-19 07:48:22'),
(534, 131, 'love289', '2021-12-19 07:48:22', '2021-12-19 07:48:22'),
(535, 131, 'love701', '2021-12-19 07:48:22', '2021-12-19 07:48:22'),
(536, 131, 'love861', '2021-12-19 07:48:22', '2021-12-19 07:48:22'),
(537, 131, 'love552', '2021-12-19 07:48:22', '2021-12-19 07:48:22'),
(538, 131, 'love949', '2021-12-19 07:48:22', '2021-12-19 07:48:22'),
(539, 132, 'love760', '2021-12-19 07:48:22', '2021-12-19 07:48:22'),
(540, 132, 'love645', '2021-12-19 07:48:22', '2021-12-19 07:48:22'),
(541, 132, 'love628', '2021-12-19 07:48:22', '2021-12-19 07:48:22'),
(542, 132, 'love767', '2021-12-19 07:48:22', '2021-12-19 07:48:22'),
(543, 133, 'love960', '2021-12-19 07:48:22', '2021-12-19 07:48:22'),
(544, 133, 'love131', '2021-12-19 07:48:22', '2021-12-19 07:48:22'),
(545, 133, 'love682', '2021-12-19 07:48:22', '2021-12-19 07:48:22'),
(546, 134, 'love515', '2021-12-19 07:48:22', '2021-12-19 07:48:22'),
(547, 134, 'love657', '2021-12-19 07:48:22', '2021-12-19 07:48:22'),
(548, 134, 'love810', '2021-12-19 07:48:22', '2021-12-19 07:48:22'),
(549, 134, 'love463', '2021-12-19 07:48:22', '2021-12-19 07:48:22'),
(550, 135, 'love494', '2021-12-19 07:48:22', '2021-12-19 07:48:22'),
(551, 135, 'love655', '2021-12-19 07:48:22', '2021-12-19 07:48:22'),
(552, 135, 'love777', '2021-12-19 07:48:22', '2021-12-19 07:48:22'),
(553, 135, 'love718', '2021-12-19 07:48:22', '2021-12-19 07:48:22'),
(554, 135, 'love440', '2021-12-19 07:48:22', '2021-12-19 07:48:22'),
(555, 136, 'love575', '2021-12-19 07:48:22', '2021-12-19 07:48:22'),
(556, 136, 'love67', '2021-12-19 07:48:22', '2021-12-19 07:48:22'),
(557, 136, 'love321', '2021-12-19 07:48:22', '2021-12-19 07:48:22'),
(558, 137, 'love261', '2021-12-19 07:48:22', '2021-12-19 07:48:22'),
(559, 137, 'love272', '2021-12-19 07:48:22', '2021-12-19 07:48:22'),
(560, 137, 'love255', '2021-12-19 07:48:22', '2021-12-19 07:48:22'),
(561, 137, 'love369', '2021-12-19 07:48:22', '2021-12-19 07:48:22'),
(562, 138, 'love541', '2021-12-19 07:48:22', '2021-12-19 07:48:22'),
(563, 138, 'love707', '2021-12-19 07:48:22', '2021-12-19 07:48:22'),
(564, 138, 'love236', '2021-12-19 07:48:22', '2021-12-19 07:48:22'),
(565, 138, 'love145', '2021-12-19 07:48:22', '2021-12-19 07:48:22'),
(566, 138, 'love741', '2021-12-19 07:48:22', '2021-12-19 07:48:22'),
(567, 139, 'love667', '2021-12-19 07:48:22', '2021-12-19 07:48:22'),
(568, 139, 'love803', '2021-12-19 07:48:22', '2021-12-19 07:48:22'),
(569, 139, 'love320', '2021-12-19 07:48:22', '2021-12-19 07:48:22'),
(570, 139, 'love947', '2021-12-19 07:48:22', '2021-12-19 07:48:22'),
(571, 139, 'love194', '2021-12-19 07:48:22', '2021-12-19 07:48:22'),
(572, 140, 'love309', '2021-12-19 07:48:22', '2021-12-19 07:48:22'),
(573, 140, 'love229', '2021-12-19 07:48:22', '2021-12-19 07:48:22'),
(574, 140, 'love615', '2021-12-19 07:48:22', '2021-12-19 07:48:22'),
(575, 140, 'love878', '2021-12-19 07:48:22', '2021-12-19 07:48:22'),
(576, 141, 'love766', '2021-12-19 07:48:22', '2021-12-19 07:48:22'),
(577, 141, 'love379', '2021-12-19 07:48:22', '2021-12-19 07:48:22'),
(578, 141, 'love870', '2021-12-19 07:48:22', '2021-12-19 07:48:22'),
(579, 142, 'love917', '2021-12-19 07:48:22', '2021-12-19 07:48:22'),
(580, 142, 'love676', '2021-12-19 07:48:22', '2021-12-19 07:48:22'),
(581, 142, 'love185', '2021-12-19 07:48:22', '2021-12-19 07:48:22'),
(582, 142, 'love611', '2021-12-19 07:48:22', '2021-12-19 07:48:22'),
(583, 143, 'love538', '2021-12-19 07:48:22', '2021-12-19 07:48:22'),
(584, 143, 'love999', '2021-12-19 07:48:22', '2021-12-19 07:48:22'),
(585, 143, 'love366', '2021-12-19 07:48:22', '2021-12-19 07:48:22'),
(586, 144, 'love870', '2021-12-19 07:48:22', '2021-12-19 07:48:22'),
(587, 144, 'love875', '2021-12-19 07:48:22', '2021-12-19 07:48:22'),
(588, 144, 'love268', '2021-12-19 07:48:22', '2021-12-19 07:48:22'),
(589, 144, 'love49', '2021-12-19 07:48:22', '2021-12-19 07:48:22'),
(590, 144, 'love335', '2021-12-19 07:48:22', '2021-12-19 07:48:22'),
(591, 145, 'love365', '2021-12-19 07:48:22', '2021-12-19 07:48:22'),
(592, 145, 'love370', '2021-12-19 07:48:22', '2021-12-19 07:48:22'),
(593, 145, 'love864', '2021-12-19 07:48:22', '2021-12-19 07:48:22'),
(594, 145, 'love923', '2021-12-19 07:48:22', '2021-12-19 07:48:22'),
(595, 146, 'love616', '2021-12-19 07:48:22', '2021-12-19 07:48:22'),
(596, 146, 'love892', '2021-12-19 07:48:22', '2021-12-19 07:48:22'),
(597, 146, 'love559', '2021-12-19 07:48:22', '2021-12-19 07:48:22'),
(598, 147, 'love503', '2021-12-19 07:48:22', '2021-12-19 07:48:22'),
(599, 147, 'love797', '2021-12-19 07:48:22', '2021-12-19 07:48:22'),
(600, 147, 'love957', '2021-12-19 07:48:22', '2021-12-19 07:48:22'),
(601, 147, 'love220', '2021-12-19 07:48:22', '2021-12-19 07:48:22'),
(602, 148, 'love94', '2021-12-19 07:48:22', '2021-12-19 07:48:22'),
(603, 148, 'love59', '2021-12-19 07:48:22', '2021-12-19 07:48:22'),
(604, 148, 'love385', '2021-12-19 07:48:22', '2021-12-19 07:48:22'),
(605, 149, 'love696', '2021-12-19 07:48:22', '2021-12-19 07:48:22'),
(606, 149, 'love847', '2021-12-19 07:48:22', '2021-12-19 07:48:22'),
(607, 149, 'love9', '2021-12-19 07:48:22', '2021-12-19 07:48:22'),
(608, 150, 'love800', '2021-12-19 07:48:22', '2021-12-19 07:48:22'),
(609, 150, 'love817', '2021-12-19 07:48:22', '2021-12-19 07:48:22'),
(610, 150, 'love989', '2021-12-19 07:48:22', '2021-12-19 07:48:22'),
(611, 151, 'love990', '2021-12-19 07:48:22', '2021-12-19 07:48:22'),
(612, 151, 'love216', '2021-12-19 07:48:22', '2021-12-19 07:48:22'),
(613, 151, 'love777', '2021-12-19 07:48:22', '2021-12-19 07:48:22'),
(614, 151, 'love644', '2021-12-19 07:48:22', '2021-12-19 07:48:22'),
(615, 152, 'love688', '2021-12-19 07:48:22', '2021-12-19 07:48:22'),
(616, 152, 'love616', '2021-12-19 07:48:22', '2021-12-19 07:48:22'),
(617, 152, 'love429', '2021-12-19 07:48:22', '2021-12-19 07:48:22'),
(618, 152, 'love666', '2021-12-19 07:48:22', '2021-12-19 07:48:22'),
(619, 152, 'love945', '2021-12-19 07:48:22', '2021-12-19 07:48:22'),
(620, 153, 'love223', '2021-12-19 07:48:22', '2021-12-19 07:48:22'),
(621, 153, 'love26', '2021-12-19 07:48:22', '2021-12-19 07:48:22'),
(622, 153, 'love722', '2021-12-19 07:48:22', '2021-12-19 07:48:22'),
(623, 153, 'love337', '2021-12-19 07:48:22', '2021-12-19 07:48:22'),
(624, 153, 'love574', '2021-12-19 07:48:22', '2021-12-19 07:48:22'),
(625, 154, 'love55', '2021-12-19 07:48:22', '2021-12-19 07:48:22'),
(626, 154, 'love833', '2021-12-19 07:48:22', '2021-12-19 07:48:22'),
(627, 154, 'love263', '2021-12-19 07:48:22', '2021-12-19 07:48:22'),
(628, 155, 'love65', '2021-12-19 07:48:22', '2021-12-19 07:48:22'),
(629, 155, 'love547', '2021-12-19 07:48:22', '2021-12-19 07:48:22'),
(630, 155, 'love678', '2021-12-19 07:48:22', '2021-12-19 07:48:22'),
(631, 156, 'love296', '2021-12-19 07:48:22', '2021-12-19 07:48:22'),
(632, 156, 'love699', '2021-12-19 07:48:22', '2021-12-19 07:48:22'),
(633, 156, 'love429', '2021-12-19 07:48:22', '2021-12-19 07:48:22'),
(634, 156, 'love496', '2021-12-19 07:48:22', '2021-12-19 07:48:22'),
(635, 157, 'love999', '2021-12-19 07:48:22', '2021-12-19 07:48:22'),
(636, 157, 'love747', '2021-12-19 07:48:22', '2021-12-19 07:48:22'),
(637, 157, 'love955', '2021-12-19 07:48:22', '2021-12-19 07:48:22'),
(638, 158, 'love779', '2021-12-19 07:48:22', '2021-12-19 07:48:22'),
(639, 158, 'love110', '2021-12-19 07:48:22', '2021-12-19 07:48:22'),
(640, 158, 'love756', '2021-12-19 07:48:22', '2021-12-19 07:48:22'),
(641, 158, 'love109', '2021-12-19 07:48:22', '2021-12-19 07:48:22'),
(642, 158, 'love795', '2021-12-19 07:48:22', '2021-12-19 07:48:22'),
(643, 159, 'love774', '2021-12-19 07:48:22', '2021-12-19 07:48:22'),
(644, 159, 'love512', '2021-12-19 07:48:22', '2021-12-19 07:48:22'),
(645, 159, 'love392', '2021-12-19 07:48:22', '2021-12-19 07:48:22'),
(646, 160, 'love869', '2021-12-19 07:48:22', '2021-12-19 07:48:22'),
(647, 160, 'love922', '2021-12-19 07:48:22', '2021-12-19 07:48:22'),
(648, 160, 'love387', '2021-12-19 07:48:22', '2021-12-19 07:48:22'),
(649, 160, 'love831', '2021-12-19 07:48:22', '2021-12-19 07:48:22'),
(650, 161, 'love566', '2021-12-19 07:48:22', '2021-12-19 07:48:22'),
(651, 161, 'love178', '2021-12-19 07:48:22', '2021-12-19 07:48:22'),
(652, 161, 'love743', '2021-12-19 07:48:22', '2021-12-19 07:48:22'),
(653, 162, 'love30', '2021-12-19 07:48:22', '2021-12-19 07:48:22'),
(654, 162, 'love312', '2021-12-19 07:48:22', '2021-12-19 07:48:22'),
(655, 162, 'love247', '2021-12-19 07:48:22', '2021-12-19 07:48:22'),
(656, 163, 'love194', '2021-12-19 07:48:22', '2021-12-19 07:48:22'),
(657, 163, 'love377', '2021-12-19 07:48:22', '2021-12-19 07:48:22'),
(658, 163, 'love917', '2021-12-19 07:48:22', '2021-12-19 07:48:22'),
(659, 164, 'love918', '2021-12-19 07:48:22', '2021-12-19 07:48:22'),
(660, 164, 'love376', '2021-12-19 07:48:22', '2021-12-19 07:48:22'),
(661, 164, 'love25', '2021-12-19 07:48:22', '2021-12-19 07:48:22'),
(662, 164, 'love5', '2021-12-19 07:48:22', '2021-12-19 07:48:22'),
(663, 165, 'love408', '2021-12-19 07:48:22', '2021-12-19 07:48:22'),
(664, 165, 'love483', '2021-12-19 07:48:22', '2021-12-19 07:48:22'),
(665, 165, 'love467', '2021-12-19 07:48:22', '2021-12-19 07:48:22'),
(666, 166, 'love486', '2021-12-19 07:48:22', '2021-12-19 07:48:22'),
(667, 166, 'love943', '2021-12-19 07:48:22', '2021-12-19 07:48:22'),
(668, 166, 'love482', '2021-12-19 07:48:22', '2021-12-19 07:48:22'),
(669, 166, 'love558', '2021-12-19 07:48:22', '2021-12-19 07:48:22'),
(670, 167, 'love840', '2021-12-19 07:48:22', '2021-12-19 07:48:22'),
(671, 167, 'love20', '2021-12-19 07:48:22', '2021-12-19 07:48:22'),
(672, 167, 'love156', '2021-12-19 07:48:22', '2021-12-19 07:48:22'),
(673, 167, 'love649', '2021-12-19 07:48:22', '2021-12-19 07:48:22'),
(674, 168, 'love579', '2021-12-19 07:48:22', '2021-12-19 07:48:22'),
(675, 168, 'love189', '2021-12-19 07:48:22', '2021-12-19 07:48:22'),
(676, 168, 'love61', '2021-12-19 07:48:22', '2021-12-19 07:48:22'),
(677, 168, 'love950', '2021-12-19 07:48:22', '2021-12-19 07:48:22'),
(678, 168, 'love118', '2021-12-19 07:48:22', '2021-12-19 07:48:22'),
(679, 169, 'love432', '2021-12-19 07:48:22', '2021-12-19 07:48:22'),
(680, 169, 'love151', '2021-12-19 07:48:22', '2021-12-19 07:48:22'),
(681, 169, 'love590', '2021-12-19 07:48:22', '2021-12-19 07:48:22'),
(682, 170, 'love5', '2021-12-19 07:48:22', '2021-12-19 07:48:22'),
(683, 170, 'love950', '2021-12-19 07:48:22', '2021-12-19 07:48:22'),
(684, 170, 'love740', '2021-12-19 07:48:22', '2021-12-19 07:48:22'),
(685, 171, 'love777', '2021-12-19 07:48:22', '2021-12-19 07:48:22'),
(686, 171, 'love899', '2021-12-19 07:48:22', '2021-12-19 07:48:22'),
(687, 171, 'love519', '2021-12-19 07:48:22', '2021-12-19 07:48:22'),
(688, 171, 'love675', '2021-12-19 07:48:22', '2021-12-19 07:48:22'),
(689, 172, 'love734', '2021-12-19 07:48:22', '2021-12-19 07:48:22'),
(690, 172, 'love920', '2021-12-19 07:48:22', '2021-12-19 07:48:22'),
(691, 172, 'love594', '2021-12-19 07:48:22', '2021-12-19 07:48:22'),
(692, 172, 'love69', '2021-12-19 07:48:22', '2021-12-19 07:48:22'),
(693, 172, 'love88', '2021-12-19 07:48:22', '2021-12-19 07:48:22'),
(694, 173, 'love897', '2021-12-19 07:48:22', '2021-12-19 07:48:22'),
(695, 173, 'love836', '2021-12-19 07:48:22', '2021-12-19 07:48:22'),
(696, 173, 'love56', '2021-12-19 07:48:22', '2021-12-19 07:48:22'),
(697, 173, 'love128', '2021-12-19 07:48:22', '2021-12-19 07:48:22'),
(698, 173, 'love949', '2021-12-19 07:48:22', '2021-12-19 07:48:22'),
(699, 174, 'love60', '2021-12-19 07:48:22', '2021-12-19 07:48:22'),
(700, 174, 'love249', '2021-12-19 07:48:22', '2021-12-19 07:48:22'),
(701, 174, 'love153', '2021-12-19 07:48:22', '2021-12-19 07:48:22'),
(702, 175, 'love668', '2021-12-19 07:48:22', '2021-12-19 07:48:22'),
(703, 175, 'love825', '2021-12-19 07:48:22', '2021-12-19 07:48:22'),
(704, 175, 'love434', '2021-12-19 07:48:22', '2021-12-19 07:48:22'),
(705, 176, 'love708', '2021-12-19 07:48:22', '2021-12-19 07:48:22'),
(706, 176, 'love588', '2021-12-19 07:48:22', '2021-12-19 07:48:22'),
(707, 176, 'love382', '2021-12-19 07:48:22', '2021-12-19 07:48:22'),
(708, 176, 'love6', '2021-12-19 07:48:22', '2021-12-19 07:48:22'),
(709, 177, 'love982', '2021-12-19 07:48:22', '2021-12-19 07:48:22'),
(710, 177, 'love999', '2021-12-19 07:48:22', '2021-12-19 07:48:22'),
(711, 177, 'love38', '2021-12-19 07:48:22', '2021-12-19 07:48:22'),
(712, 178, 'love625', '2021-12-19 07:48:22', '2021-12-19 07:48:22'),
(713, 178, 'love684', '2021-12-19 07:48:22', '2021-12-19 07:48:22'),
(714, 178, 'love461', '2021-12-19 07:48:22', '2021-12-19 07:48:22'),
(715, 178, 'love832', '2021-12-19 07:48:22', '2021-12-19 07:48:22'),
(716, 179, 'love882', '2021-12-19 07:48:22', '2021-12-19 07:48:22'),
(717, 179, 'love322', '2021-12-19 07:48:22', '2021-12-19 07:48:22'),
(718, 179, 'love172', '2021-12-19 07:48:22', '2021-12-19 07:48:22'),
(719, 180, 'love548', '2021-12-19 07:48:22', '2021-12-19 07:48:22'),
(720, 180, 'love161', '2021-12-19 07:48:22', '2021-12-19 07:48:22'),
(721, 180, 'love368', '2021-12-19 07:48:22', '2021-12-19 07:48:22'),
(722, 181, 'love613', '2021-12-19 07:48:22', '2021-12-19 07:48:22'),
(723, 181, 'love689', '2021-12-19 07:48:22', '2021-12-19 07:48:22'),
(724, 181, 'love179', '2021-12-19 07:48:22', '2021-12-19 07:48:22'),
(725, 182, 'love584', '2021-12-19 07:48:22', '2021-12-19 07:48:22'),
(726, 182, 'love513', '2021-12-19 07:48:22', '2021-12-19 07:48:22'),
(727, 182, 'love34', '2021-12-19 07:48:22', '2021-12-19 07:48:22'),
(728, 183, 'love690', '2021-12-19 07:48:22', '2021-12-19 07:48:22'),
(729, 183, 'love975', '2021-12-19 07:48:22', '2021-12-19 07:48:22'),
(730, 183, 'love496', '2021-12-19 07:48:22', '2021-12-19 07:48:22'),
(731, 183, 'love432', '2021-12-19 07:48:22', '2021-12-19 07:48:22'),
(732, 183, 'love212', '2021-12-19 07:48:22', '2021-12-19 07:48:22'),
(733, 184, 'love354', '2021-12-19 07:48:22', '2021-12-19 07:48:22'),
(734, 184, 'love366', '2021-12-19 07:48:22', '2021-12-19 07:48:22'),
(735, 184, 'love269', '2021-12-19 07:48:22', '2021-12-19 07:48:22'),
(736, 184, 'love744', '2021-12-19 07:48:22', '2021-12-19 07:48:22'),
(737, 184, 'love758', '2021-12-19 07:48:22', '2021-12-19 07:48:22'),
(738, 185, 'love34', '2021-12-19 07:48:22', '2021-12-19 07:48:22'),
(739, 185, 'love412', '2021-12-19 07:48:22', '2021-12-19 07:48:22'),
(740, 185, 'love449', '2021-12-19 07:48:22', '2021-12-19 07:48:22'),
(741, 185, 'love307', '2021-12-19 07:48:22', '2021-12-19 07:48:22'),
(742, 185, 'love209', '2021-12-19 07:48:22', '2021-12-19 07:48:22'),
(743, 186, 'love548', '2021-12-19 07:48:22', '2021-12-19 07:48:22'),
(744, 186, 'love892', '2021-12-19 07:48:22', '2021-12-19 07:48:22'),
(745, 186, 'love591', '2021-12-19 07:48:22', '2021-12-19 07:48:22'),
(746, 187, 'love450', '2021-12-19 07:48:22', '2021-12-19 07:48:22'),
(747, 187, 'love101', '2021-12-19 07:48:22', '2021-12-19 07:48:22'),
(748, 187, 'love873', '2021-12-19 07:48:22', '2021-12-19 07:48:22'),
(749, 188, 'love706', '2021-12-19 07:48:22', '2021-12-19 07:48:22'),
(750, 188, 'love506', '2021-12-19 07:48:22', '2021-12-19 07:48:22'),
(751, 188, 'love90', '2021-12-19 07:48:22', '2021-12-19 07:48:22'),
(752, 189, 'love301', '2021-12-19 07:48:22', '2021-12-19 07:48:22'),
(753, 189, 'love915', '2021-12-19 07:48:22', '2021-12-19 07:48:22'),
(754, 189, 'love533', '2021-12-19 07:48:22', '2021-12-19 07:48:22');
INSERT INTO `loves` (`id`, `student_id`, `name`, `created_at`, `updated_at`) VALUES
(755, 189, 'love256', '2021-12-19 07:48:22', '2021-12-19 07:48:22'),
(756, 190, 'love308', '2021-12-19 07:48:22', '2021-12-19 07:48:22'),
(757, 190, 'love169', '2021-12-19 07:48:22', '2021-12-19 07:48:22'),
(758, 190, 'love500', '2021-12-19 07:48:22', '2021-12-19 07:48:22'),
(759, 190, 'love197', '2021-12-19 07:48:22', '2021-12-19 07:48:22'),
(760, 190, 'love606', '2021-12-19 07:48:22', '2021-12-19 07:48:22'),
(761, 191, 'love107', '2021-12-19 07:48:22', '2021-12-19 07:48:22'),
(762, 191, 'love81', '2021-12-19 07:48:22', '2021-12-19 07:48:22'),
(763, 191, 'love766', '2021-12-19 07:48:22', '2021-12-19 07:48:22'),
(764, 191, 'love126', '2021-12-19 07:48:22', '2021-12-19 07:48:22'),
(765, 192, 'love565', '2021-12-19 07:48:22', '2021-12-19 07:48:22'),
(766, 192, 'love426', '2021-12-19 07:48:22', '2021-12-19 07:48:22'),
(767, 192, 'love393', '2021-12-19 07:48:22', '2021-12-19 07:48:22'),
(768, 192, 'love767', '2021-12-19 07:48:22', '2021-12-19 07:48:22'),
(769, 192, 'love239', '2021-12-19 07:48:22', '2021-12-19 07:48:22'),
(770, 193, 'love231', '2021-12-19 07:48:22', '2021-12-19 07:48:22'),
(771, 193, 'love620', '2021-12-19 07:48:22', '2021-12-19 07:48:22'),
(772, 193, 'love98', '2021-12-19 07:48:22', '2021-12-19 07:48:22'),
(773, 193, 'love861', '2021-12-19 07:48:22', '2021-12-19 07:48:22'),
(774, 194, 'love328', '2021-12-19 07:48:22', '2021-12-19 07:48:22'),
(775, 194, 'love336', '2021-12-19 07:48:22', '2021-12-19 07:48:22'),
(776, 194, 'love846', '2021-12-19 07:48:22', '2021-12-19 07:48:22'),
(777, 195, 'love246', '2021-12-19 07:48:22', '2021-12-19 07:48:22'),
(778, 195, 'love448', '2021-12-19 07:48:22', '2021-12-19 07:48:22'),
(779, 195, 'love293', '2021-12-19 07:48:22', '2021-12-19 07:48:22'),
(780, 195, 'love456', '2021-12-19 07:48:22', '2021-12-19 07:48:22'),
(781, 196, 'love119', '2021-12-19 07:48:22', '2021-12-19 07:48:22'),
(782, 196, 'love709', '2021-12-19 07:48:22', '2021-12-19 07:48:22'),
(783, 196, 'love939', '2021-12-19 07:48:22', '2021-12-19 07:48:22'),
(784, 196, 'love598', '2021-12-19 07:48:22', '2021-12-19 07:48:22'),
(785, 196, 'love648', '2021-12-19 07:48:22', '2021-12-19 07:48:22'),
(786, 197, 'love266', '2021-12-19 07:48:22', '2021-12-19 07:48:22'),
(787, 197, 'love42', '2021-12-19 07:48:22', '2021-12-19 07:48:22'),
(788, 197, 'love293', '2021-12-19 07:48:22', '2021-12-19 07:48:22'),
(789, 197, 'love473', '2021-12-19 07:48:22', '2021-12-19 07:48:22'),
(790, 197, 'love839', '2021-12-19 07:48:22', '2021-12-19 07:48:22'),
(791, 198, 'love743', '2021-12-19 07:48:22', '2021-12-19 07:48:22'),
(792, 198, 'love58', '2021-12-19 07:48:22', '2021-12-19 07:48:22'),
(793, 198, 'love880', '2021-12-19 07:48:22', '2021-12-19 07:48:22'),
(794, 199, 'love284', '2021-12-19 07:48:22', '2021-12-19 07:48:22'),
(795, 199, 'love551', '2021-12-19 07:48:22', '2021-12-19 07:48:22'),
(796, 199, 'love157', '2021-12-19 07:48:22', '2021-12-19 07:48:22'),
(797, 199, 'love838', '2021-12-19 07:48:22', '2021-12-19 07:48:22'),
(798, 200, 'love644', '2021-12-19 07:48:22', '2021-12-19 07:48:22'),
(799, 200, 'love207', '2021-12-19 07:48:22', '2021-12-19 07:48:22'),
(800, 200, 'love7', '2021-12-19 07:48:22', '2021-12-19 07:48:22'),
(801, 200, 'love898', '2021-12-19 07:48:22', '2021-12-19 07:48:22'),
(802, 200, 'love657', '2021-12-19 07:48:22', '2021-12-19 07:48:22'),
(803, 201, 'love169', '2021-12-19 07:48:22', '2021-12-19 07:48:22'),
(804, 201, 'love39', '2021-12-19 07:48:22', '2021-12-19 07:48:22'),
(805, 201, 'love163', '2021-12-19 07:48:22', '2021-12-19 07:48:22'),
(806, 201, 'love642', '2021-12-19 07:48:22', '2021-12-19 07:48:22'),
(807, 201, 'love527', '2021-12-19 07:48:22', '2021-12-19 07:48:22'),
(808, 202, 'love132', '2021-12-19 07:48:22', '2021-12-19 07:48:22'),
(809, 202, 'love425', '2021-12-19 07:48:22', '2021-12-19 07:48:22'),
(810, 202, 'love174', '2021-12-19 07:48:22', '2021-12-19 07:48:22'),
(811, 202, 'love416', '2021-12-19 07:48:22', '2021-12-19 07:48:22'),
(812, 203, 'love198', '2021-12-19 07:48:22', '2021-12-19 07:48:22'),
(813, 203, 'love320', '2021-12-19 07:48:22', '2021-12-19 07:48:22'),
(814, 203, 'love395', '2021-12-19 07:48:22', '2021-12-19 07:48:22'),
(815, 203, 'love34', '2021-12-19 07:48:22', '2021-12-19 07:48:22'),
(816, 204, 'love39', '2021-12-19 07:48:22', '2021-12-19 07:48:22'),
(817, 204, 'love120', '2021-12-19 07:48:22', '2021-12-19 07:48:22'),
(818, 204, 'love55', '2021-12-19 07:48:22', '2021-12-19 07:48:22'),
(819, 204, 'love374', '2021-12-19 07:48:22', '2021-12-19 07:48:22'),
(820, 204, 'love289', '2021-12-19 07:48:22', '2021-12-19 07:48:22'),
(821, 205, 'love610', '2021-12-19 07:48:22', '2021-12-19 07:48:22'),
(822, 205, 'love884', '2021-12-19 07:48:22', '2021-12-19 07:48:22'),
(823, 205, 'love431', '2021-12-19 07:48:22', '2021-12-19 07:48:22'),
(824, 205, 'love238', '2021-12-19 07:48:22', '2021-12-19 07:48:22'),
(825, 205, 'love854', '2021-12-19 07:48:22', '2021-12-19 07:48:22'),
(826, 206, 'love681', '2021-12-19 07:48:22', '2021-12-19 07:48:22'),
(827, 206, 'love225', '2021-12-19 07:48:22', '2021-12-19 07:48:22'),
(828, 206, 'love898', '2021-12-19 07:48:22', '2021-12-19 07:48:22'),
(829, 207, 'love517', '2021-12-19 07:48:22', '2021-12-19 07:48:22'),
(830, 207, 'love295', '2021-12-19 07:48:22', '2021-12-19 07:48:22'),
(831, 207, 'love791', '2021-12-19 07:48:22', '2021-12-19 07:48:22'),
(832, 207, 'love434', '2021-12-19 07:48:22', '2021-12-19 07:48:22'),
(833, 208, 'love178', '2021-12-19 07:48:22', '2021-12-19 07:48:22'),
(834, 208, 'love866', '2021-12-19 07:48:22', '2021-12-19 07:48:22'),
(835, 208, 'love922', '2021-12-19 07:48:22', '2021-12-19 07:48:22'),
(836, 209, 'love433', '2021-12-19 07:48:22', '2021-12-19 07:48:22'),
(837, 209, 'love447', '2021-12-19 07:48:22', '2021-12-19 07:48:22'),
(838, 209, 'love900', '2021-12-19 07:48:22', '2021-12-19 07:48:22'),
(839, 209, 'love36', '2021-12-19 07:48:22', '2021-12-19 07:48:22'),
(840, 209, 'love496', '2021-12-19 07:48:22', '2021-12-19 07:48:22'),
(841, 210, 'love776', '2021-12-19 07:48:22', '2021-12-19 07:48:22'),
(842, 210, 'love261', '2021-12-19 07:48:22', '2021-12-19 07:48:22'),
(843, 210, 'love285', '2021-12-19 07:48:22', '2021-12-19 07:48:22'),
(844, 210, 'love385', '2021-12-19 07:48:22', '2021-12-19 07:48:22'),
(845, 211, 'love494', '2021-12-19 07:48:22', '2021-12-19 07:48:22'),
(846, 211, 'love771', '2021-12-19 07:48:22', '2021-12-19 07:48:22'),
(847, 211, 'love966', '2021-12-19 07:48:22', '2021-12-19 07:48:22'),
(848, 211, 'love22', '2021-12-19 07:48:22', '2021-12-19 07:48:22'),
(849, 211, 'love424', '2021-12-19 07:48:22', '2021-12-19 07:48:22'),
(850, 212, 'love847', '2021-12-19 07:48:22', '2021-12-19 07:48:22'),
(851, 212, 'love75', '2021-12-19 07:48:22', '2021-12-19 07:48:22'),
(852, 212, 'love451', '2021-12-19 07:48:22', '2021-12-19 07:48:22'),
(853, 212, 'love93', '2021-12-19 07:48:22', '2021-12-19 07:48:22'),
(854, 213, 'love607', '2021-12-19 07:48:22', '2021-12-19 07:48:22'),
(855, 213, 'love141', '2021-12-19 07:48:22', '2021-12-19 07:48:22'),
(856, 213, 'love130', '2021-12-19 07:48:22', '2021-12-19 07:48:22'),
(857, 213, 'love287', '2021-12-19 07:48:22', '2021-12-19 07:48:22'),
(858, 214, 'love471', '2021-12-19 07:48:23', '2021-12-19 07:48:23'),
(859, 214, 'love283', '2021-12-19 07:48:23', '2021-12-19 07:48:23'),
(860, 214, 'love547', '2021-12-19 07:48:23', '2021-12-19 07:48:23'),
(861, 214, 'love495', '2021-12-19 07:48:23', '2021-12-19 07:48:23'),
(862, 214, 'love920', '2021-12-19 07:48:23', '2021-12-19 07:48:23'),
(863, 215, 'love105', '2021-12-19 07:48:23', '2021-12-19 07:48:23'),
(864, 215, 'love915', '2021-12-19 07:48:23', '2021-12-19 07:48:23'),
(865, 215, 'love398', '2021-12-19 07:48:23', '2021-12-19 07:48:23'),
(866, 216, 'love85', '2021-12-19 07:48:23', '2021-12-19 07:48:23'),
(867, 216, 'love370', '2021-12-19 07:48:23', '2021-12-19 07:48:23'),
(868, 216, 'love830', '2021-12-19 07:48:23', '2021-12-19 07:48:23'),
(869, 217, 'love625', '2021-12-19 07:48:23', '2021-12-19 07:48:23'),
(870, 217, 'love986', '2021-12-19 07:48:23', '2021-12-19 07:48:23'),
(871, 217, 'love525', '2021-12-19 07:48:23', '2021-12-19 07:48:23'),
(872, 217, 'love523', '2021-12-19 07:48:23', '2021-12-19 07:48:23'),
(873, 218, 'love316', '2021-12-19 07:48:23', '2021-12-19 07:48:23'),
(874, 218, 'love248', '2021-12-19 07:48:23', '2021-12-19 07:48:23'),
(875, 218, 'love385', '2021-12-19 07:48:23', '2021-12-19 07:48:23'),
(876, 218, 'love111', '2021-12-19 07:48:23', '2021-12-19 07:48:23'),
(877, 218, 'love16', '2021-12-19 07:48:23', '2021-12-19 07:48:23'),
(878, 219, 'love787', '2021-12-19 07:48:23', '2021-12-19 07:48:23'),
(879, 219, 'love442', '2021-12-19 07:48:23', '2021-12-19 07:48:23'),
(880, 219, 'love318', '2021-12-19 07:48:23', '2021-12-19 07:48:23'),
(881, 219, 'love681', '2021-12-19 07:48:23', '2021-12-19 07:48:23'),
(882, 220, 'love757', '2021-12-19 07:48:23', '2021-12-19 07:48:23'),
(883, 220, 'love11', '2021-12-19 07:48:23', '2021-12-19 07:48:23'),
(884, 220, 'love101', '2021-12-19 07:48:23', '2021-12-19 07:48:23'),
(885, 220, 'love812', '2021-12-19 07:48:23', '2021-12-19 07:48:23'),
(886, 220, 'love697', '2021-12-19 07:48:23', '2021-12-19 07:48:23'),
(887, 221, 'love739', '2021-12-19 07:48:23', '2021-12-19 07:48:23'),
(888, 221, 'love308', '2021-12-19 07:48:23', '2021-12-19 07:48:23'),
(889, 221, 'love128', '2021-12-19 07:48:23', '2021-12-19 07:48:23'),
(890, 221, 'love285', '2021-12-19 07:48:23', '2021-12-19 07:48:23'),
(891, 221, 'love105', '2021-12-19 07:48:23', '2021-12-19 07:48:23'),
(892, 222, 'love337', '2021-12-19 07:48:23', '2021-12-19 07:48:23'),
(893, 222, 'love125', '2021-12-19 07:48:23', '2021-12-19 07:48:23'),
(894, 222, 'love969', '2021-12-19 07:48:23', '2021-12-19 07:48:23'),
(895, 222, 'love725', '2021-12-19 07:48:23', '2021-12-19 07:48:23'),
(896, 223, 'love440', '2021-12-19 07:48:23', '2021-12-19 07:48:23'),
(897, 223, 'love308', '2021-12-19 07:48:23', '2021-12-19 07:48:23'),
(898, 223, 'love209', '2021-12-19 07:48:23', '2021-12-19 07:48:23'),
(899, 223, 'love272', '2021-12-19 07:48:23', '2021-12-19 07:48:23'),
(900, 223, 'love71', '2021-12-19 07:48:23', '2021-12-19 07:48:23'),
(901, 224, 'love123', '2021-12-19 07:48:23', '2021-12-19 07:48:23'),
(902, 224, 'love544', '2021-12-19 07:48:23', '2021-12-19 07:48:23'),
(903, 224, 'love870', '2021-12-19 07:48:23', '2021-12-19 07:48:23'),
(904, 224, 'love843', '2021-12-19 07:48:23', '2021-12-19 07:48:23'),
(905, 225, 'love549', '2021-12-19 07:48:23', '2021-12-19 07:48:23'),
(906, 225, 'love198', '2021-12-19 07:48:23', '2021-12-19 07:48:23'),
(907, 225, 'love999', '2021-12-19 07:48:23', '2021-12-19 07:48:23'),
(908, 225, 'love579', '2021-12-19 07:48:23', '2021-12-19 07:48:23'),
(909, 226, 'love820', '2021-12-19 07:48:23', '2021-12-19 07:48:23'),
(910, 226, 'love408', '2021-12-19 07:48:23', '2021-12-19 07:48:23'),
(911, 226, 'love886', '2021-12-19 07:48:23', '2021-12-19 07:48:23'),
(912, 226, 'love897', '2021-12-19 07:48:23', '2021-12-19 07:48:23'),
(913, 226, 'love194', '2021-12-19 07:48:23', '2021-12-19 07:48:23'),
(914, 227, 'love157', '2021-12-19 07:48:23', '2021-12-19 07:48:23'),
(915, 227, 'love726', '2021-12-19 07:48:23', '2021-12-19 07:48:23'),
(916, 227, 'love376', '2021-12-19 07:48:23', '2021-12-19 07:48:23'),
(917, 227, 'love463', '2021-12-19 07:48:23', '2021-12-19 07:48:23'),
(918, 228, 'love158', '2021-12-19 07:48:23', '2021-12-19 07:48:23'),
(919, 228, 'love222', '2021-12-19 07:48:23', '2021-12-19 07:48:23'),
(920, 228, 'love3', '2021-12-19 07:48:23', '2021-12-19 07:48:23'),
(921, 229, 'love944', '2021-12-19 07:48:23', '2021-12-19 07:48:23'),
(922, 229, 'love280', '2021-12-19 07:48:23', '2021-12-19 07:48:23'),
(923, 229, 'love329', '2021-12-19 07:48:23', '2021-12-19 07:48:23'),
(924, 229, 'love8', '2021-12-19 07:48:23', '2021-12-19 07:48:23'),
(925, 230, 'love232', '2021-12-19 07:48:23', '2021-12-19 07:48:23'),
(926, 230, 'love409', '2021-12-19 07:48:23', '2021-12-19 07:48:23'),
(927, 230, 'love542', '2021-12-19 07:48:23', '2021-12-19 07:48:23'),
(928, 230, 'love772', '2021-12-19 07:48:23', '2021-12-19 07:48:23'),
(929, 231, 'love693', '2021-12-19 07:48:23', '2021-12-19 07:48:23'),
(930, 231, 'love337', '2021-12-19 07:48:23', '2021-12-19 07:48:23'),
(931, 231, 'love708', '2021-12-19 07:48:23', '2021-12-19 07:48:23'),
(932, 232, 'love80', '2021-12-19 07:48:23', '2021-12-19 07:48:23'),
(933, 232, 'love678', '2021-12-19 07:48:23', '2021-12-19 07:48:23'),
(934, 232, 'love374', '2021-12-19 07:48:23', '2021-12-19 07:48:23'),
(935, 233, 'love733', '2021-12-19 07:48:23', '2021-12-19 07:48:23'),
(936, 233, 'love102', '2021-12-19 07:48:23', '2021-12-19 07:48:23'),
(937, 233, 'love468', '2021-12-19 07:48:23', '2021-12-19 07:48:23'),
(938, 234, 'love766', '2021-12-19 07:48:23', '2021-12-19 07:48:23'),
(939, 234, 'love873', '2021-12-19 07:48:23', '2021-12-19 07:48:23'),
(940, 234, 'love750', '2021-12-19 07:48:23', '2021-12-19 07:48:23'),
(941, 234, 'love33', '2021-12-19 07:48:23', '2021-12-19 07:48:23'),
(942, 234, 'love698', '2021-12-19 07:48:23', '2021-12-19 07:48:23'),
(943, 235, 'love457', '2021-12-19 07:48:23', '2021-12-19 07:48:23'),
(944, 235, 'love213', '2021-12-19 07:48:23', '2021-12-19 07:48:23'),
(945, 235, 'love62', '2021-12-19 07:48:23', '2021-12-19 07:48:23'),
(946, 235, 'love398', '2021-12-19 07:48:23', '2021-12-19 07:48:23'),
(947, 235, 'love428', '2021-12-19 07:48:23', '2021-12-19 07:48:23'),
(948, 236, 'love331', '2021-12-19 07:48:23', '2021-12-19 07:48:23'),
(949, 236, 'love420', '2021-12-19 07:48:23', '2021-12-19 07:48:23'),
(950, 236, 'love386', '2021-12-19 07:48:23', '2021-12-19 07:48:23'),
(951, 236, 'love986', '2021-12-19 07:48:23', '2021-12-19 07:48:23'),
(952, 236, 'love430', '2021-12-19 07:48:23', '2021-12-19 07:48:23'),
(953, 237, 'love994', '2021-12-19 07:48:23', '2021-12-19 07:48:23'),
(954, 237, 'love248', '2021-12-19 07:48:23', '2021-12-19 07:48:23'),
(955, 237, 'love820', '2021-12-19 07:48:23', '2021-12-19 07:48:23'),
(956, 237, 'love919', '2021-12-19 07:48:23', '2021-12-19 07:48:23'),
(957, 237, 'love430', '2021-12-19 07:48:23', '2021-12-19 07:48:23'),
(958, 238, 'love424', '2021-12-19 07:48:23', '2021-12-19 07:48:23'),
(959, 238, 'love78', '2021-12-19 07:48:23', '2021-12-19 07:48:23'),
(960, 238, 'love181', '2021-12-19 07:48:23', '2021-12-19 07:48:23'),
(961, 239, 'love182', '2021-12-19 07:48:23', '2021-12-19 07:48:23'),
(962, 239, 'love303', '2021-12-19 07:48:23', '2021-12-19 07:48:23'),
(963, 239, 'love540', '2021-12-19 07:48:23', '2021-12-19 07:48:23'),
(964, 239, 'love388', '2021-12-19 07:48:23', '2021-12-19 07:48:23'),
(965, 240, 'love771', '2021-12-19 07:48:23', '2021-12-19 07:48:23'),
(966, 240, 'love842', '2021-12-19 07:48:23', '2021-12-19 07:48:23'),
(967, 240, 'love236', '2021-12-19 07:48:23', '2021-12-19 07:48:23'),
(968, 240, 'love420', '2021-12-19 07:48:23', '2021-12-19 07:48:23'),
(969, 240, 'love93', '2021-12-19 07:48:23', '2021-12-19 07:48:23'),
(970, 241, 'love862', '2021-12-19 07:48:23', '2021-12-19 07:48:23'),
(971, 241, 'love519', '2021-12-19 07:48:23', '2021-12-19 07:48:23'),
(972, 241, 'love389', '2021-12-19 07:48:23', '2021-12-19 07:48:23'),
(973, 241, 'love30', '2021-12-19 07:48:23', '2021-12-19 07:48:23'),
(974, 241, 'love435', '2021-12-19 07:48:23', '2021-12-19 07:48:23'),
(975, 242, 'love589', '2021-12-19 07:48:23', '2021-12-19 07:48:23'),
(976, 242, 'love807', '2021-12-19 07:48:23', '2021-12-19 07:48:23'),
(977, 242, 'love329', '2021-12-19 07:48:23', '2021-12-19 07:48:23'),
(978, 243, 'love200', '2021-12-19 07:48:23', '2021-12-19 07:48:23'),
(979, 243, 'love46', '2021-12-19 07:48:23', '2021-12-19 07:48:23'),
(980, 243, 'love811', '2021-12-19 07:48:23', '2021-12-19 07:48:23'),
(981, 243, 'love868', '2021-12-19 07:48:23', '2021-12-19 07:48:23'),
(982, 244, 'love713', '2021-12-19 07:48:23', '2021-12-19 07:48:23'),
(983, 244, 'love854', '2021-12-19 07:48:23', '2021-12-19 07:48:23'),
(984, 244, 'love201', '2021-12-19 07:48:23', '2021-12-19 07:48:23'),
(985, 244, 'love882', '2021-12-19 07:48:23', '2021-12-19 07:48:23'),
(986, 244, 'love917', '2021-12-19 07:48:23', '2021-12-19 07:48:23'),
(987, 245, 'love540', '2021-12-19 07:48:23', '2021-12-19 07:48:23'),
(988, 245, 'love851', '2021-12-19 07:48:23', '2021-12-19 07:48:23'),
(989, 245, 'love210', '2021-12-19 07:48:23', '2021-12-19 07:48:23'),
(990, 245, 'love677', '2021-12-19 07:48:23', '2021-12-19 07:48:23'),
(991, 246, 'love730', '2021-12-19 07:48:23', '2021-12-19 07:48:23'),
(992, 246, 'love372', '2021-12-19 07:48:23', '2021-12-19 07:48:23'),
(993, 246, 'love739', '2021-12-19 07:48:23', '2021-12-19 07:48:23'),
(994, 246, 'love634', '2021-12-19 07:48:23', '2021-12-19 07:48:23'),
(995, 247, 'love837', '2021-12-19 07:48:23', '2021-12-19 07:48:23'),
(996, 247, 'love161', '2021-12-19 07:48:23', '2021-12-19 07:48:23'),
(997, 247, 'love725', '2021-12-19 07:48:23', '2021-12-19 07:48:23'),
(998, 248, 'love349', '2021-12-19 07:48:23', '2021-12-19 07:48:23'),
(999, 248, 'love758', '2021-12-19 07:48:23', '2021-12-19 07:48:23'),
(1000, 248, 'love884', '2021-12-19 07:48:23', '2021-12-19 07:48:23'),
(1001, 248, 'love700', '2021-12-19 07:48:23', '2021-12-19 07:48:23'),
(1002, 248, 'love46', '2021-12-19 07:48:23', '2021-12-19 07:48:23'),
(1003, 249, 'love449', '2021-12-19 07:48:23', '2021-12-19 07:48:23'),
(1004, 249, 'love115', '2021-12-19 07:48:23', '2021-12-19 07:48:23'),
(1005, 249, 'love502', '2021-12-19 07:48:23', '2021-12-19 07:48:23'),
(1006, 249, 'love240', '2021-12-19 07:48:23', '2021-12-19 07:48:23'),
(1007, 249, 'love353', '2021-12-19 07:48:23', '2021-12-19 07:48:23'),
(1008, 250, 'love241', '2021-12-19 07:48:23', '2021-12-19 07:48:23'),
(1009, 250, 'love319', '2021-12-19 07:48:23', '2021-12-19 07:48:23'),
(1010, 250, 'love674', '2021-12-19 07:48:23', '2021-12-19 07:48:23'),
(1011, 250, 'love239', '2021-12-19 07:48:23', '2021-12-19 07:48:23'),
(1012, 250, 'love810', '2021-12-19 07:48:23', '2021-12-19 07:48:23');

-- --------------------------------------------------------

--
-- 資料表結構 `migrations`
--

CREATE TABLE `migrations` (
  `id` int(10) UNSIGNED NOT NULL,
  `migration` varchar(255) COLLATE utf8mb4_unicode_ci NOT NULL,
  `batch` int(11) NOT NULL
) ENGINE=InnoDB DEFAULT CHARSET=utf8mb4 COLLATE=utf8mb4_unicode_ci;

--
-- 傾印資料表的資料 `migrations`
--

INSERT INTO `migrations` (`id`, `migration`, `batch`) VALUES
(1, '2014_10_12_000000_create_users_table', 1),
(2, '2014_10_12_100000_create_password_resets_table', 1),
(3, '2019_08_19_000000_create_failed_jobs_table', 1),
(4, '2019_12_14_000001_create_personal_access_tokens_table', 1),
(5, '2021_11_06_023304_create_students_table', 1),
(6, '2021_11_13_033910_create_phones_table', 1),
(7, '2021_11_13_062842_create_locations_table', 1),
(8, '2021_11_20_014732_add_test_to_phones', 1),
(9, '2021_11_20_022410_del_test_to_phones', 1),
(10, '2021_11_20_024334_add_aaa_to_phones', 1),
(11, '2021_11_20_035526_update_aaa_to_phones', 1),
(12, '2021_11_20_070411_create_love_table', 1),
(13, '2021_12_04_060359_add_photo_to_students_table', 1),
(14, '2021_12_19_093105_update_photo_to_phones_table', 1);

-- --------------------------------------------------------

--
-- 資料表結構 `password_resets`
--

CREATE TABLE `password_resets` (
  `email` varchar(255) COLLATE utf8mb4_unicode_ci NOT NULL,
  `token` varchar(255) COLLATE utf8mb4_unicode_ci NOT NULL,
  `created_at` timestamp NULL DEFAULT NULL
) ENGINE=InnoDB DEFAULT CHARSET=utf8mb4 COLLATE=utf8mb4_unicode_ci;

-- --------------------------------------------------------

--
-- 資料表結構 `personal_access_tokens`
--

CREATE TABLE `personal_access_tokens` (
  `id` bigint(20) UNSIGNED NOT NULL,
  `tokenable_type` varchar(255) COLLATE utf8mb4_unicode_ci NOT NULL,
  `tokenable_id` bigint(20) UNSIGNED NOT NULL,
  `name` varchar(255) COLLATE utf8mb4_unicode_ci NOT NULL,
  `token` varchar(64) COLLATE utf8mb4_unicode_ci NOT NULL,
  `abilities` text COLLATE utf8mb4_unicode_ci DEFAULT NULL,
  `last_used_at` timestamp NULL DEFAULT NULL,
  `created_at` timestamp NULL DEFAULT NULL,
  `updated_at` timestamp NULL DEFAULT NULL
) ENGINE=InnoDB DEFAULT CHARSET=utf8mb4 COLLATE=utf8mb4_unicode_ci;

-- --------------------------------------------------------

--
-- 資料表結構 `phones`
--

CREATE TABLE `phones` (
  `id` bigint(20) UNSIGNED NOT NULL,
  `student_id` int(11) NOT NULL,
  `phone` varchar(255) COLLATE utf8mb4_unicode_ci DEFAULT NULL,
  `aaa` int(11) DEFAULT NULL COMMENT '測試欄位aaa',
  `created_at` timestamp NULL DEFAULT NULL,
  `updated_at` timestamp NULL DEFAULT NULL
) ENGINE=InnoDB DEFAULT CHARSET=utf8mb4 COLLATE=utf8mb4_unicode_ci;

--
-- 傾印資料表的資料 `phones`
--

INSERT INTO `phones` (`id`, `student_id`, `phone`, `aaa`, `created_at`, `updated_at`) VALUES
(1, 1, '0938-274057', NULL, '2021-12-19 07:48:22', '2021-12-19 07:48:22'),
(2, 2, '0932-692368', NULL, '2021-12-19 07:48:22', '2021-12-19 07:48:22'),
(3, 3, '0942-789304', NULL, '2021-12-19 07:48:22', '2021-12-19 07:48:22'),
(4, 4, '0952-872650', NULL, '2021-12-19 07:48:22', '2021-12-19 07:48:22'),
(5, 5, '0960-98434', NULL, '2021-12-19 07:48:22', '2021-12-19 07:48:22'),
(6, 6, '0957-338906', NULL, '2021-12-19 07:48:22', '2021-12-19 07:48:22'),
(7, 7, '0968-478326', NULL, '2021-12-19 07:48:22', '2021-12-19 07:48:22'),
(8, 8, '0953-210014', NULL, '2021-12-19 07:48:22', '2021-12-19 07:48:22'),
(9, 9, '0978-242520', NULL, '2021-12-19 07:48:22', '2021-12-19 07:48:22'),
(10, 10, '0967-154807', NULL, '2021-12-19 07:48:22', '2021-12-19 07:48:22'),
(11, 11, '0980-632381', NULL, '2021-12-19 07:48:22', '2021-12-19 07:48:22'),
(12, 12, '0917-435285', NULL, '2021-12-19 07:48:22', '2021-12-19 07:48:22'),
(13, 13, '0918-189614', NULL, '2021-12-19 07:48:22', '2021-12-19 07:48:22'),
(14, 14, '0936-64657', NULL, '2021-12-19 07:48:22', '2021-12-19 07:48:22'),
(15, 15, '0994-311649', NULL, '2021-12-19 07:48:22', '2021-12-19 07:48:22'),
(16, 16, '0945-507433', NULL, '2021-12-19 07:48:22', '2021-12-19 07:48:22'),
(17, 17, '0959-46315', NULL, '2021-12-19 07:48:22', '2021-12-19 07:48:22'),
(18, 18, '0960-749862', NULL, '2021-12-19 07:48:22', '2021-12-19 07:48:22'),
(19, 19, '0945-845207', NULL, '2021-12-19 07:48:22', '2021-12-19 07:48:22'),
(20, 20, '0946-136242', NULL, '2021-12-19 07:48:22', '2021-12-19 07:48:22'),
(21, 21, '0980-423587', NULL, '2021-12-19 07:48:22', '2021-12-19 07:48:22'),
(22, 22, '0947-23684', NULL, '2021-12-19 07:48:22', '2021-12-19 07:48:22'),
(23, 23, '0911-641234', NULL, '2021-12-19 07:48:22', '2021-12-19 07:48:22'),
(24, 24, '0935-136403', NULL, '2021-12-19 07:48:22', '2021-12-19 07:48:22'),
(25, 25, '0976-566839', NULL, '2021-12-19 07:48:22', '2021-12-19 07:48:22'),
(26, 26, '0930-179483', NULL, '2021-12-19 07:48:22', '2021-12-19 07:48:22'),
(27, 27, '0987-767015', NULL, '2021-12-19 07:48:22', '2021-12-19 07:48:22'),
(28, 28, '0913-849712', NULL, '2021-12-19 07:48:22', '2021-12-19 07:48:22'),
(29, 29, '0991-149701', NULL, '2021-12-19 07:48:22', '2021-12-19 07:48:22'),
(30, 30, '0961-690488', NULL, '2021-12-19 07:48:22', '2021-12-19 07:48:22'),
(31, 31, '0949-831099', NULL, '2021-12-19 07:48:22', '2021-12-19 07:48:22'),
(32, 32, '0963-626881', NULL, '2021-12-19 07:48:22', '2021-12-19 07:48:22'),
(33, 33, '0960-663053', NULL, '2021-12-19 07:48:22', '2021-12-19 07:48:22'),
(34, 34, '0939-218448', NULL, '2021-12-19 07:48:22', '2021-12-19 07:48:22'),
(35, 35, '0962-528787', NULL, '2021-12-19 07:48:22', '2021-12-19 07:48:22'),
(36, 36, '097-576920', NULL, '2021-12-19 07:48:22', '2021-12-19 07:48:22'),
(37, 37, '0988-643467', NULL, '2021-12-19 07:48:22', '2021-12-19 07:48:22'),
(38, 38, '0954-52899', NULL, '2021-12-19 07:48:22', '2021-12-19 07:48:22'),
(39, 39, '0927-335118', NULL, '2021-12-19 07:48:22', '2021-12-19 07:48:22'),
(40, 40, '0945-687341', NULL, '2021-12-19 07:48:22', '2021-12-19 07:48:22'),
(41, 41, '0914-317764', NULL, '2021-12-19 07:48:22', '2021-12-19 07:48:22'),
(42, 42, '0954-710220', NULL, '2021-12-19 07:48:22', '2021-12-19 07:48:22'),
(43, 43, '0958-806476', NULL, '2021-12-19 07:48:22', '2021-12-19 07:48:22'),
(44, 44, '0928-384807', NULL, '2021-12-19 07:48:22', '2021-12-19 07:48:22'),
(45, 45, '0924-505668', NULL, '2021-12-19 07:48:22', '2021-12-19 07:48:22'),
(46, 46, '0934-726634', NULL, '2021-12-19 07:48:22', '2021-12-19 07:48:22'),
(47, 47, '0963-667456', NULL, '2021-12-19 07:48:22', '2021-12-19 07:48:22'),
(48, 48, '0913-858334', NULL, '2021-12-19 07:48:22', '2021-12-19 07:48:22'),
(49, 49, '0982-533411', NULL, '2021-12-19 07:48:22', '2021-12-19 07:48:22'),
(50, 50, '0924-189072', NULL, '2021-12-19 07:48:22', '2021-12-19 07:48:22'),
(51, 51, '0972-813621', NULL, '2021-12-19 07:48:22', '2021-12-19 07:48:22'),
(52, 52, '0996-219917', NULL, '2021-12-19 07:48:22', '2021-12-19 07:48:22'),
(53, 53, '093-90074', NULL, '2021-12-19 07:48:22', '2021-12-19 07:48:22'),
(54, 54, '0971-164744', NULL, '2021-12-19 07:48:22', '2021-12-19 07:48:22'),
(55, 55, '0996-169175', NULL, '2021-12-19 07:48:22', '2021-12-19 07:48:22'),
(56, 56, '0961-38546', NULL, '2021-12-19 07:48:22', '2021-12-19 07:48:22'),
(57, 57, '0928-666384', NULL, '2021-12-19 07:48:22', '2021-12-19 07:48:22'),
(58, 58, '0957-217480', NULL, '2021-12-19 07:48:22', '2021-12-19 07:48:22'),
(59, 59, '0960-260985', NULL, '2021-12-19 07:48:22', '2021-12-19 07:48:22'),
(60, 60, '0990-794360', NULL, '2021-12-19 07:48:22', '2021-12-19 07:48:22'),
(61, 61, '092-979930', NULL, '2021-12-19 07:48:22', '2021-12-19 07:48:22'),
(62, 62, '0932-744783', NULL, '2021-12-19 07:48:22', '2021-12-19 07:48:22'),
(63, 63, '0969-815483', NULL, '2021-12-19 07:48:22', '2021-12-19 07:48:22'),
(64, 64, '0924-207366', NULL, '2021-12-19 07:48:22', '2021-12-19 07:48:22'),
(65, 65, '0969-439802', NULL, '2021-12-19 07:48:22', '2021-12-19 07:48:22'),
(66, 66, '0977-234605', NULL, '2021-12-19 07:48:22', '2021-12-19 07:48:22'),
(67, 67, '0973-136227', NULL, '2021-12-19 07:48:22', '2021-12-19 07:48:22'),
(68, 68, '0920-713244', NULL, '2021-12-19 07:48:22', '2021-12-19 07:48:22'),
(69, 69, '0946-31187', NULL, '2021-12-19 07:48:22', '2021-12-19 07:48:22'),
(70, 70, '0964-108655', NULL, '2021-12-19 07:48:22', '2021-12-19 07:48:22'),
(71, 71, '0957-245587', NULL, '2021-12-19 07:48:22', '2021-12-19 07:48:22'),
(72, 72, '0986-480457', NULL, '2021-12-19 07:48:22', '2021-12-19 07:48:22'),
(73, 73, '0980-270552', NULL, '2021-12-19 07:48:22', '2021-12-19 07:48:22'),
(74, 74, '0920-430278', NULL, '2021-12-19 07:48:22', '2021-12-19 07:48:22'),
(75, 75, '0982-581567', NULL, '2021-12-19 07:48:22', '2021-12-19 07:48:22'),
(76, 76, '0925-969957', NULL, '2021-12-19 07:48:22', '2021-12-19 07:48:22'),
(77, 77, '0932-847406', NULL, '2021-12-19 07:48:22', '2021-12-19 07:48:22'),
(78, 78, '0939-49996', NULL, '2021-12-19 07:48:22', '2021-12-19 07:48:22'),
(79, 79, '0911-962652', NULL, '2021-12-19 07:48:22', '2021-12-19 07:48:22'),
(80, 80, '0974-246795', NULL, '2021-12-19 07:48:22', '2021-12-19 07:48:22'),
(81, 81, '0941-83039', NULL, '2021-12-19 07:48:22', '2021-12-19 07:48:22'),
(82, 82, '0985-211167', NULL, '2021-12-19 07:48:22', '2021-12-19 07:48:22'),
(83, 83, '0918-821129', NULL, '2021-12-19 07:48:22', '2021-12-19 07:48:22'),
(84, 84, '0944-448002', NULL, '2021-12-19 07:48:22', '2021-12-19 07:48:22'),
(85, 85, '0984-587288', NULL, '2021-12-19 07:48:22', '2021-12-19 07:48:22'),
(86, 86, '0939-275340', NULL, '2021-12-19 07:48:22', '2021-12-19 07:48:22'),
(87, 87, '0971-34248', NULL, '2021-12-19 07:48:22', '2021-12-19 07:48:22'),
(88, 88, '0971-655312', NULL, '2021-12-19 07:48:22', '2021-12-19 07:48:22'),
(89, 89, '0914-198384', NULL, '2021-12-19 07:48:22', '2021-12-19 07:48:22'),
(90, 90, '0991-865163', NULL, '2021-12-19 07:48:22', '2021-12-19 07:48:22'),
(91, 91, '099-292648', NULL, '2021-12-19 07:48:22', '2021-12-19 07:48:22'),
(92, 92, '0938-307371', NULL, '2021-12-19 07:48:22', '2021-12-19 07:48:22'),
(93, 93, '096-680997', NULL, '2021-12-19 07:48:22', '2021-12-19 07:48:22'),
(94, 94, '0950-176684', NULL, '2021-12-19 07:48:22', '2021-12-19 07:48:22'),
(95, 95, '0988-621034', NULL, '2021-12-19 07:48:22', '2021-12-19 07:48:22'),
(96, 96, '0920-77879', NULL, '2021-12-19 07:48:22', '2021-12-19 07:48:22'),
(97, 97, '0994-298631', NULL, '2021-12-19 07:48:22', '2021-12-19 07:48:22'),
(98, 98, '0920-289535', NULL, '2021-12-19 07:48:22', '2021-12-19 07:48:22'),
(99, 99, '0979-827290', NULL, '2021-12-19 07:48:22', '2021-12-19 07:48:22'),
(100, 100, '0910-512381', NULL, '2021-12-19 07:48:22', '2021-12-19 07:48:22'),
(101, 101, '0924-307322', NULL, '2021-12-19 07:48:22', '2021-12-19 07:48:22'),
(102, 102, '097-674194', NULL, '2021-12-19 07:48:22', '2021-12-19 07:48:22'),
(103, 103, '0988-407456', NULL, '2021-12-19 07:48:22', '2021-12-19 07:48:22'),
(104, 104, '0961-883467', NULL, '2021-12-19 07:48:22', '2021-12-19 07:48:22'),
(105, 105, '0910-361529', NULL, '2021-12-19 07:48:22', '2021-12-19 07:48:22'),
(106, 106, '094-555707', NULL, '2021-12-19 07:48:22', '2021-12-19 07:48:22'),
(107, 107, '0933-470691', NULL, '2021-12-19 07:48:22', '2021-12-19 07:48:22'),
(108, 108, '0950-68773', NULL, '2021-12-19 07:48:22', '2021-12-19 07:48:22'),
(109, 109, '0988-780669', NULL, '2021-12-19 07:48:22', '2021-12-19 07:48:22'),
(110, 110, '0958-192916', NULL, '2021-12-19 07:48:22', '2021-12-19 07:48:22'),
(111, 111, '0952-243690', NULL, '2021-12-19 07:48:22', '2021-12-19 07:48:22'),
(112, 112, '0986-618230', NULL, '2021-12-19 07:48:22', '2021-12-19 07:48:22'),
(113, 113, '0971-989830', NULL, '2021-12-19 07:48:22', '2021-12-19 07:48:22'),
(114, 114, '0924-971035', NULL, '2021-12-19 07:48:22', '2021-12-19 07:48:22'),
(115, 115, '0953-461898', NULL, '2021-12-19 07:48:22', '2021-12-19 07:48:22'),
(116, 116, '0991-52036', NULL, '2021-12-19 07:48:22', '2021-12-19 07:48:22'),
(117, 117, '0940-688903', NULL, '2021-12-19 07:48:22', '2021-12-19 07:48:22'),
(118, 118, '097-961124', NULL, '2021-12-19 07:48:22', '2021-12-19 07:48:22'),
(119, 119, '0911-600415', NULL, '2021-12-19 07:48:22', '2021-12-19 07:48:22'),
(120, 120, '0925-694239', NULL, '2021-12-19 07:48:22', '2021-12-19 07:48:22'),
(121, 121, '0958-14403', NULL, '2021-12-19 07:48:22', '2021-12-19 07:48:22'),
(122, 122, '092-382410', NULL, '2021-12-19 07:48:22', '2021-12-19 07:48:22'),
(123, 123, '0991-196746', NULL, '2021-12-19 07:48:22', '2021-12-19 07:48:22'),
(124, 124, '0987-979057', NULL, '2021-12-19 07:48:22', '2021-12-19 07:48:22'),
(125, 125, '0910-814495', NULL, '2021-12-19 07:48:22', '2021-12-19 07:48:22'),
(126, 126, '0911-837409', NULL, '2021-12-19 07:48:22', '2021-12-19 07:48:22'),
(127, 127, '0984-498923', NULL, '2021-12-19 07:48:22', '2021-12-19 07:48:22'),
(128, 128, '0967-275003', NULL, '2021-12-19 07:48:22', '2021-12-19 07:48:22'),
(129, 129, '0989-476924', NULL, '2021-12-19 07:48:22', '2021-12-19 07:48:22'),
(130, 130, '0930-354806', NULL, '2021-12-19 07:48:22', '2021-12-19 07:48:22'),
(131, 131, '0922-635080', NULL, '2021-12-19 07:48:22', '2021-12-19 07:48:22'),
(132, 132, '0980-859739', NULL, '2021-12-19 07:48:22', '2021-12-19 07:48:22'),
(133, 133, '0947-382868', NULL, '2021-12-19 07:48:22', '2021-12-19 07:48:22'),
(134, 134, '0958-326633', NULL, '2021-12-19 07:48:22', '2021-12-19 07:48:22'),
(135, 135, '0978-492994', NULL, '2021-12-19 07:48:22', '2021-12-19 07:48:22'),
(136, 136, '0925-116656', NULL, '2021-12-19 07:48:22', '2021-12-19 07:48:22'),
(137, 137, '0988-122422', NULL, '2021-12-19 07:48:22', '2021-12-19 07:48:22'),
(138, 138, '0975-687869', NULL, '2021-12-19 07:48:22', '2021-12-19 07:48:22'),
(139, 139, '0968-402143', NULL, '2021-12-19 07:48:22', '2021-12-19 07:48:22'),
(140, 140, '0917-717984', NULL, '2021-12-19 07:48:22', '2021-12-19 07:48:22'),
(141, 141, '0945-949673', NULL, '2021-12-19 07:48:22', '2021-12-19 07:48:22'),
(142, 142, '0952-7949', NULL, '2021-12-19 07:48:22', '2021-12-19 07:48:22'),
(143, 143, '094-280809', NULL, '2021-12-19 07:48:22', '2021-12-19 07:48:22'),
(144, 144, '0967-116729', NULL, '2021-12-19 07:48:22', '2021-12-19 07:48:22'),
(145, 145, '0969-607300', NULL, '2021-12-19 07:48:22', '2021-12-19 07:48:22'),
(146, 146, '0961-98218', NULL, '2021-12-19 07:48:22', '2021-12-19 07:48:22'),
(147, 147, '0984-686344', NULL, '2021-12-19 07:48:22', '2021-12-19 07:48:22'),
(148, 148, '093-599411', NULL, '2021-12-19 07:48:22', '2021-12-19 07:48:22'),
(149, 149, '0997-276196', NULL, '2021-12-19 07:48:22', '2021-12-19 07:48:22'),
(150, 150, '091-578227', NULL, '2021-12-19 07:48:22', '2021-12-19 07:48:22'),
(151, 151, '0914-663797', NULL, '2021-12-19 07:48:22', '2021-12-19 07:48:22'),
(152, 152, '0990-571549', NULL, '2021-12-19 07:48:22', '2021-12-19 07:48:22'),
(153, 153, '0918-985576', NULL, '2021-12-19 07:48:22', '2021-12-19 07:48:22'),
(154, 154, '0946-686935', NULL, '2021-12-19 07:48:22', '2021-12-19 07:48:22'),
(155, 155, '0914-780934', NULL, '2021-12-19 07:48:22', '2021-12-19 07:48:22'),
(156, 156, '0924-129830', NULL, '2021-12-19 07:48:22', '2021-12-19 07:48:22'),
(157, 157, '0969-630952', NULL, '2021-12-19 07:48:22', '2021-12-19 07:48:22'),
(158, 158, '0963-424219', NULL, '2021-12-19 07:48:22', '2021-12-19 07:48:22'),
(159, 159, '0938-956800', NULL, '2021-12-19 07:48:22', '2021-12-19 07:48:22'),
(160, 160, '090-131715', NULL, '2021-12-19 07:48:22', '2021-12-19 07:48:22'),
(161, 161, '0959-322664', NULL, '2021-12-19 07:48:22', '2021-12-19 07:48:22'),
(162, 162, '0974-633862', NULL, '2021-12-19 07:48:22', '2021-12-19 07:48:22'),
(163, 163, '0973-547199', NULL, '2021-12-19 07:48:22', '2021-12-19 07:48:22'),
(164, 164, '0915-198056', NULL, '2021-12-19 07:48:22', '2021-12-19 07:48:22'),
(165, 165, '0987-445041', NULL, '2021-12-19 07:48:22', '2021-12-19 07:48:22'),
(166, 166, '0973-554403', NULL, '2021-12-19 07:48:22', '2021-12-19 07:48:22'),
(167, 167, '096-419502', NULL, '2021-12-19 07:48:22', '2021-12-19 07:48:22'),
(168, 168, '0951-271572', NULL, '2021-12-19 07:48:22', '2021-12-19 07:48:22'),
(169, 169, '0972-375703', NULL, '2021-12-19 07:48:22', '2021-12-19 07:48:22'),
(170, 170, '094-528746', NULL, '2021-12-19 07:48:22', '2021-12-19 07:48:22'),
(171, 171, '0912-539073', NULL, '2021-12-19 07:48:22', '2021-12-19 07:48:22'),
(172, 172, '0955-708864', NULL, '2021-12-19 07:48:22', '2021-12-19 07:48:22'),
(173, 173, '095-213132', NULL, '2021-12-19 07:48:22', '2021-12-19 07:48:22'),
(174, 174, '0923-513338', NULL, '2021-12-19 07:48:22', '2021-12-19 07:48:22'),
(175, 175, '0998-878106', NULL, '2021-12-19 07:48:22', '2021-12-19 07:48:22'),
(176, 176, '0975-596569', NULL, '2021-12-19 07:48:22', '2021-12-19 07:48:22'),
(177, 177, '0968-985339', NULL, '2021-12-19 07:48:22', '2021-12-19 07:48:22'),
(178, 178, '0974-946542', NULL, '2021-12-19 07:48:22', '2021-12-19 07:48:22'),
(179, 179, '0972-160908', NULL, '2021-12-19 07:48:22', '2021-12-19 07:48:22'),
(180, 180, '095-994175', NULL, '2021-12-19 07:48:22', '2021-12-19 07:48:22'),
(181, 181, '0932-271660', NULL, '2021-12-19 07:48:22', '2021-12-19 07:48:22'),
(182, 182, '0969-661800', NULL, '2021-12-19 07:48:22', '2021-12-19 07:48:22'),
(183, 183, '0974-470991', NULL, '2021-12-19 07:48:22', '2021-12-19 07:48:22'),
(184, 184, '0958-463512', NULL, '2021-12-19 07:48:22', '2021-12-19 07:48:22'),
(185, 185, '0995-253825', NULL, '2021-12-19 07:48:22', '2021-12-19 07:48:22'),
(186, 186, '0977-539836', NULL, '2021-12-19 07:48:22', '2021-12-19 07:48:22'),
(187, 187, '091-737316', NULL, '2021-12-19 07:48:22', '2021-12-19 07:48:22'),
(188, 188, '0947-483910', NULL, '2021-12-19 07:48:22', '2021-12-19 07:48:22'),
(189, 189, '0994-12737', NULL, '2021-12-19 07:48:22', '2021-12-19 07:48:22'),
(190, 190, '098-889178', NULL, '2021-12-19 07:48:22', '2021-12-19 07:48:22'),
(191, 191, '0967-670774', NULL, '2021-12-19 07:48:22', '2021-12-19 07:48:22'),
(192, 192, '0933-718333', NULL, '2021-12-19 07:48:22', '2021-12-19 07:48:22'),
(193, 193, '0914-354555', NULL, '2021-12-19 07:48:22', '2021-12-19 07:48:22'),
(194, 194, '0967-537953', NULL, '2021-12-19 07:48:22', '2021-12-19 07:48:22'),
(195, 195, '0940-404734', NULL, '2021-12-19 07:48:22', '2021-12-19 07:48:22'),
(196, 196, '0965-926834', NULL, '2021-12-19 07:48:22', '2021-12-19 07:48:22'),
(197, 197, '0912-560713', NULL, '2021-12-19 07:48:22', '2021-12-19 07:48:22'),
(198, 198, '0927-192451', NULL, '2021-12-19 07:48:22', '2021-12-19 07:48:22'),
(199, 199, '0971-784784', NULL, '2021-12-19 07:48:22', '2021-12-19 07:48:22'),
(200, 200, '0950-639510', NULL, '2021-12-19 07:48:22', '2021-12-19 07:48:22'),
(201, 201, '0912-18621', NULL, '2021-12-19 07:48:22', '2021-12-19 07:48:22'),
(202, 202, '0913-888814', NULL, '2021-12-19 07:48:22', '2021-12-19 07:48:22'),
(203, 203, '0939-5677', NULL, '2021-12-19 07:48:22', '2021-12-19 07:48:22'),
(204, 204, '0957-129252', NULL, '2021-12-19 07:48:22', '2021-12-19 07:48:22'),
(205, 205, '0912-894914', NULL, '2021-12-19 07:48:22', '2021-12-19 07:48:22'),
(206, 206, '0925-835365', NULL, '2021-12-19 07:48:22', '2021-12-19 07:48:22'),
(207, 207, '091-406677', NULL, '2021-12-19 07:48:22', '2021-12-19 07:48:22'),
(208, 208, '0912-909692', NULL, '2021-12-19 07:48:22', '2021-12-19 07:48:22'),
(209, 209, '0970-742492', NULL, '2021-12-19 07:48:22', '2021-12-19 07:48:22'),
(210, 210, '0926-53472', NULL, '2021-12-19 07:48:22', '2021-12-19 07:48:22'),
(211, 211, '0928-240132', NULL, '2021-12-19 07:48:22', '2021-12-19 07:48:22'),
(212, 212, '0942-526325', NULL, '2021-12-19 07:48:22', '2021-12-19 07:48:22'),
(213, 213, '0911-388431', NULL, '2021-12-19 07:48:22', '2021-12-19 07:48:22'),
(214, 214, '0997-135690', NULL, '2021-12-19 07:48:22', '2021-12-19 07:48:22'),
(215, 215, '0975-316354', NULL, '2021-12-19 07:48:22', '2021-12-19 07:48:22'),
(216, 216, '0978-293456', NULL, '2021-12-19 07:48:22', '2021-12-19 07:48:22'),
(217, 217, '0975-301286', NULL, '2021-12-19 07:48:22', '2021-12-19 07:48:22'),
(218, 218, '0944-487082', NULL, '2021-12-19 07:48:22', '2021-12-19 07:48:22'),
(219, 219, '0982-177611', NULL, '2021-12-19 07:48:22', '2021-12-19 07:48:22'),
(220, 220, '0981-896065', NULL, '2021-12-19 07:48:22', '2021-12-19 07:48:22'),
(221, 221, '0975-180414', NULL, '2021-12-19 07:48:22', '2021-12-19 07:48:22'),
(222, 222, '0992-969725', NULL, '2021-12-19 07:48:22', '2021-12-19 07:48:22'),
(223, 223, '095-896736', NULL, '2021-12-19 07:48:22', '2021-12-19 07:48:22'),
(224, 224, '096-17637', NULL, '2021-12-19 07:48:22', '2021-12-19 07:48:22'),
(225, 225, '0947-153204', NULL, '2021-12-19 07:48:22', '2021-12-19 07:48:22'),
(226, 226, '095-404357', NULL, '2021-12-19 07:48:22', '2021-12-19 07:48:22'),
(227, 227, '098-6500', NULL, '2021-12-19 07:48:22', '2021-12-19 07:48:22'),
(228, 228, '093-588494', NULL, '2021-12-19 07:48:22', '2021-12-19 07:48:22'),
(229, 229, '0966-428408', NULL, '2021-12-19 07:48:22', '2021-12-19 07:48:22'),
(230, 230, '0983-959776', NULL, '2021-12-19 07:48:22', '2021-12-19 07:48:22'),
(231, 231, '0923-683816', NULL, '2021-12-19 07:48:22', '2021-12-19 07:48:22'),
(232, 232, '0940-637553', NULL, '2021-12-19 07:48:22', '2021-12-19 07:48:22'),
(233, 233, '0987-658153', NULL, '2021-12-19 07:48:22', '2021-12-19 07:48:22'),
(234, 234, '0946-138191', NULL, '2021-12-19 07:48:22', '2021-12-19 07:48:22'),
(235, 235, '0973-777912', NULL, '2021-12-19 07:48:22', '2021-12-19 07:48:22'),
(236, 236, '0977-620369', NULL, '2021-12-19 07:48:22', '2021-12-19 07:48:22'),
(237, 237, '0976-882015', NULL, '2021-12-19 07:48:22', '2021-12-19 07:48:22'),
(238, 238, '0916-892656', NULL, '2021-12-19 07:48:22', '2021-12-19 07:48:22'),
(239, 239, '0922-165463', NULL, '2021-12-19 07:48:22', '2021-12-19 07:48:22'),
(240, 240, '0983-542397', NULL, '2021-12-19 07:48:22', '2021-12-19 07:48:22'),
(241, 241, '0985-97247', NULL, '2021-12-19 07:48:22', '2021-12-19 07:48:22'),
(242, 242, '0960-282052', NULL, '2021-12-19 07:48:22', '2021-12-19 07:48:22'),
(243, 243, '0918-872957', NULL, '2021-12-19 07:48:22', '2021-12-19 07:48:22'),
(244, 244, '0943-995491', NULL, '2021-12-19 07:48:22', '2021-12-19 07:48:22'),
(245, 245, '095-239218', NULL, '2021-12-19 07:48:22', '2021-12-19 07:48:22'),
(246, 246, '0919-247811', NULL, '2021-12-19 07:48:22', '2021-12-19 07:48:22'),
(247, 247, '0930-695239', NULL, '2021-12-19 07:48:22', '2021-12-19 07:48:22'),
(248, 248, '097-801520', NULL, '2021-12-19 07:48:22', '2021-12-19 07:48:22'),
(249, 249, '0983-128155', NULL, '2021-12-19 07:48:22', '2021-12-19 07:48:22'),
(250, 250, '0980-102810', NULL, '2021-12-19 07:48:22', '2021-12-19 07:48:22');

-- --------------------------------------------------------

--
-- 資料表結構 `students`
--

CREATE TABLE `students` (
  `id` bigint(20) UNSIGNED NOT NULL,
  `name` varchar(255) COLLATE utf8mb4_unicode_ci NOT NULL,
  `photo` varchar(255) COLLATE utf8mb4_unicode_ci DEFAULT NULL,
  `chinese` int(11) NOT NULL,
  `english` int(11) NOT NULL,
  `math` int(11) NOT NULL,
  `created_at` timestamp NULL DEFAULT NULL,
  `updated_at` timestamp NULL DEFAULT NULL
) ENGINE=InnoDB DEFAULT CHARSET=utf8mb4 COLLATE=utf8mb4_unicode_ci;

--
-- 傾印資料表的資料 `students`
--

INSERT INTO `students` (`id`, `name`, `photo`, `chinese`, `english`, `math`, `created_at`, `updated_at`) VALUES
(1, 'Name-514', 'bg04.jpg', 90, 91, 92, '2021-12-19 07:48:22', '2021-12-19 07:48:22'),
(2, 'Name-960', 'bg02.jpg', 90, 91, 92, '2021-12-19 07:48:22', '2021-12-19 07:48:22'),
(3, 'Name-53', 'bg10.jpg', 90, 91, 92, '2021-12-19 07:48:22', '2021-12-19 07:48:22'),
(4, 'Name-82', 'bg04.jpg', 90, 91, 92, '2021-12-19 07:48:22', '2021-12-19 07:48:22'),
(5, 'Name-351', 'bg08.jpg', 90, 91, 92, '2021-12-19 07:48:22', '2021-12-19 07:48:22'),
(6, 'Name-369', 'bg09.jpg', 90, 91, 92, '2021-12-19 07:48:22', '2021-12-19 07:48:22'),
(7, 'Name-82', 'bg10.jpg', 90, 91, 92, '2021-12-19 07:48:22', '2021-12-19 07:48:22'),
(8, 'Name-980', 'bg02.jpg', 90, 91, 92, '2021-12-19 07:48:22', '2021-12-19 07:48:22'),
(9, 'Name-291', 'bg05.jpg', 90, 91, 92, '2021-12-19 07:48:22', '2021-12-19 07:48:22'),
(10, 'Name-383', 'bg07.jpg', 90, 91, 92, '2021-12-19 07:48:22', '2021-12-19 07:48:22'),
(11, 'Name-808', 'bg07.jpg', 90, 91, 92, '2021-12-19 07:48:22', '2021-12-19 07:48:22'),
(12, 'Name-499', 'bg02.jpg', 90, 91, 92, '2021-12-19 07:48:22', '2021-12-19 07:48:22'),
(13, 'Name-329', 'bg02.jpg', 90, 91, 92, '2021-12-19 07:48:22', '2021-12-19 07:48:22'),
(14, 'Name-135', 'bg06.jpg', 90, 91, 92, '2021-12-19 07:48:22', '2021-12-19 07:48:22'),
(15, 'Name-298', 'bg04.jpg', 90, 91, 92, '2021-12-19 07:48:22', '2021-12-19 07:48:22'),
(16, 'Name-925', 'bg01.jpg', 90, 91, 92, '2021-12-19 07:48:22', '2021-12-19 07:48:22'),
(17, 'Name-644', 'bg07.jpg', 90, 91, 92, '2021-12-19 07:48:22', '2021-12-19 07:48:22'),
(18, 'Name-927', 'bg06.jpg', 90, 91, 92, '2021-12-19 07:48:22', '2021-12-19 07:48:22'),
(19, 'Name-73', 'bg03.jpg', 90, 91, 92, '2021-12-19 07:48:22', '2021-12-19 07:48:22'),
(20, 'Name-736', 'bg10.jpg', 90, 91, 92, '2021-12-19 07:48:22', '2021-12-19 07:48:22'),
(21, 'Name-345', 'bg08.jpg', 90, 91, 92, '2021-12-19 07:48:22', '2021-12-19 07:48:22'),
(22, 'Name-98', 'bg01.jpg', 90, 91, 92, '2021-12-19 07:48:22', '2021-12-19 07:48:22'),
(23, 'Name-361', 'bg01.jpg', 90, 91, 92, '2021-12-19 07:48:22', '2021-12-19 07:48:22'),
(24, 'Name-5', 'bg08.jpg', 90, 91, 92, '2021-12-19 07:48:22', '2021-12-19 07:48:22'),
(25, 'Name-205', 'bg01.jpg', 90, 91, 92, '2021-12-19 07:48:22', '2021-12-19 07:48:22'),
(26, 'Name-235', 'bg01.jpg', 90, 91, 92, '2021-12-19 07:48:22', '2021-12-19 07:48:22'),
(27, 'Name-529', 'bg10.jpg', 90, 91, 92, '2021-12-19 07:48:22', '2021-12-19 07:48:22'),
(28, 'Name-484', 'bg03.jpg', 90, 91, 92, '2021-12-19 07:48:22', '2021-12-19 07:48:22'),
(29, 'Name-251', 'bg03.jpg', 90, 91, 92, '2021-12-19 07:48:22', '2021-12-19 07:48:22'),
(30, 'Name-888', 'bg03.jpg', 90, 91, 92, '2021-12-19 07:48:22', '2021-12-19 07:48:22'),
(31, 'Name-907', 'bg09.jpg', 90, 91, 92, '2021-12-19 07:48:22', '2021-12-19 07:48:22'),
(32, 'Name-169', 'bg08.jpg', 90, 91, 92, '2021-12-19 07:48:22', '2021-12-19 07:48:22'),
(33, 'Name-654', 'bg02.jpg', 90, 91, 92, '2021-12-19 07:48:22', '2021-12-19 07:48:22'),
(34, 'Name-216', 'bg08.jpg', 90, 91, 92, '2021-12-19 07:48:22', '2021-12-19 07:48:22'),
(35, 'Name-46', 'bg07.jpg', 90, 91, 92, '2021-12-19 07:48:22', '2021-12-19 07:48:22'),
(36, 'Name-817', 'bg05.jpg', 90, 91, 92, '2021-12-19 07:48:22', '2021-12-19 07:48:22'),
(37, 'Name-820', 'bg04.jpg', 90, 91, 92, '2021-12-19 07:48:22', '2021-12-19 07:48:22'),
(38, 'Name-946', 'bg09.jpg', 90, 91, 92, '2021-12-19 07:48:22', '2021-12-19 07:48:22'),
(39, 'Name-915', 'bg06.jpg', 90, 91, 92, '2021-12-19 07:48:22', '2021-12-19 07:48:22'),
(40, 'Name-684', 'bg09.jpg', 90, 91, 92, '2021-12-19 07:48:22', '2021-12-19 07:48:22'),
(41, 'Name-647', 'bg10.jpg', 90, 91, 92, '2021-12-19 07:48:22', '2021-12-19 07:48:22'),
(42, 'Name-720', 'bg03.jpg', 90, 91, 92, '2021-12-19 07:48:22', '2021-12-19 07:48:22'),
(43, 'Name-336', 'bg04.jpg', 90, 91, 92, '2021-12-19 07:48:22', '2021-12-19 07:48:22'),
(44, 'Name-829', 'bg07.jpg', 90, 91, 92, '2021-12-19 07:48:22', '2021-12-19 07:48:22'),
(45, 'Name-875', 'bg04.jpg', 90, 91, 92, '2021-12-19 07:48:22', '2021-12-19 07:48:22'),
(46, 'Name-626', 'bg07.jpg', 90, 91, 92, '2021-12-19 07:48:22', '2021-12-19 07:48:22'),
(47, 'Name-318', 'bg06.jpg', 90, 91, 92, '2021-12-19 07:48:22', '2021-12-19 07:48:22'),
(48, 'Name-690', 'bg08.jpg', 90, 91, 92, '2021-12-19 07:48:22', '2021-12-19 07:48:22'),
(49, 'Name-916', 'bg04.jpg', 90, 91, 92, '2021-12-19 07:48:22', '2021-12-19 07:48:22'),
(50, 'Name-746', 'bg04.jpg', 90, 91, 92, '2021-12-19 07:48:22', '2021-12-19 07:48:22'),
(51, 'Name-861', 'bg10.jpg', 90, 91, 92, '2021-12-19 07:48:22', '2021-12-19 07:48:22'),
(52, 'Name-860', 'bg06.jpg', 90, 91, 92, '2021-12-19 07:48:22', '2021-12-19 07:48:22'),
(53, 'Name-367', 'bg03.jpg', 90, 91, 92, '2021-12-19 07:48:22', '2021-12-19 07:48:22'),
(54, 'Name-691', 'bg08.jpg', 90, 91, 92, '2021-12-19 07:48:22', '2021-12-19 07:48:22'),
(55, 'Name-777', 'bg06.jpg', 90, 91, 92, '2021-12-19 07:48:22', '2021-12-19 07:48:22'),
(56, 'Name-911', 'bg04.jpg', 90, 91, 92, '2021-12-19 07:48:22', '2021-12-19 07:48:22'),
(57, 'Name-128', 'bg07.jpg', 90, 91, 92, '2021-12-19 07:48:22', '2021-12-19 07:48:22'),
(58, 'Name-339', 'bg08.jpg', 90, 91, 92, '2021-12-19 07:48:22', '2021-12-19 07:48:22'),
(59, 'Name-80', 'bg10.jpg', 90, 91, 92, '2021-12-19 07:48:22', '2021-12-19 07:48:22'),
(60, 'Name-142', 'bg04.jpg', 90, 91, 92, '2021-12-19 07:48:22', '2021-12-19 07:48:22'),
(61, 'Name-710', 'bg08.jpg', 90, 91, 92, '2021-12-19 07:48:22', '2021-12-19 07:48:22'),
(62, 'Name-160', 'bg02.jpg', 90, 91, 92, '2021-12-19 07:48:22', '2021-12-19 07:48:22'),
(63, 'Name-722', 'bg09.jpg', 90, 91, 92, '2021-12-19 07:48:22', '2021-12-19 07:48:22'),
(64, 'Name-227', 'bg07.jpg', 90, 91, 92, '2021-12-19 07:48:22', '2021-12-19 07:48:22'),
(65, 'Name-500', 'bg07.jpg', 90, 91, 92, '2021-12-19 07:48:22', '2021-12-19 07:48:22'),
(66, 'Name-679', 'bg03.jpg', 90, 91, 92, '2021-12-19 07:48:22', '2021-12-19 07:48:22'),
(67, 'Name-865', 'bg03.jpg', 90, 91, 92, '2021-12-19 07:48:22', '2021-12-19 07:48:22'),
(68, 'Name-6', 'bg06.jpg', 90, 91, 92, '2021-12-19 07:48:22', '2021-12-19 07:48:22'),
(69, 'Name-276', 'bg02.jpg', 90, 91, 92, '2021-12-19 07:48:22', '2021-12-19 07:48:22'),
(70, 'Name-270', 'bg08.jpg', 90, 91, 92, '2021-12-19 07:48:22', '2021-12-19 07:48:22'),
(71, 'Name-943', 'bg02.jpg', 90, 91, 92, '2021-12-19 07:48:22', '2021-12-19 07:48:22'),
(72, 'Name-149', 'bg02.jpg', 90, 91, 92, '2021-12-19 07:48:22', '2021-12-19 07:48:22'),
(73, 'Name-10', 'bg07.jpg', 90, 91, 92, '2021-12-19 07:48:22', '2021-12-19 07:48:22'),
(74, 'Name-241', 'bg08.jpg', 90, 91, 92, '2021-12-19 07:48:22', '2021-12-19 07:48:22'),
(75, 'Name-315', 'bg04.jpg', 90, 91, 92, '2021-12-19 07:48:22', '2021-12-19 07:48:22'),
(76, 'Name-5', 'bg01.jpg', 90, 91, 92, '2021-12-19 07:48:22', '2021-12-19 07:48:22'),
(77, 'Name-882', 'bg01.jpg', 90, 91, 92, '2021-12-19 07:48:22', '2021-12-19 07:48:22'),
(78, 'Name-89', 'bg05.jpg', 90, 91, 92, '2021-12-19 07:48:22', '2021-12-19 07:48:22'),
(79, 'Name-459', 'bg08.jpg', 90, 91, 92, '2021-12-19 07:48:22', '2021-12-19 07:48:22'),
(80, 'Name-376', 'bg07.jpg', 90, 91, 92, '2021-12-19 07:48:22', '2021-12-19 07:48:22'),
(81, 'Name-210', 'bg05.jpg', 90, 91, 92, '2021-12-19 07:48:22', '2021-12-19 07:48:22'),
(82, 'Name-337', 'bg09.jpg', 90, 91, 92, '2021-12-19 07:48:22', '2021-12-19 07:48:22'),
(83, 'Name-254', 'bg09.jpg', 90, 91, 92, '2021-12-19 07:48:22', '2021-12-19 07:48:22'),
(84, 'Name-392', 'bg10.jpg', 90, 91, 92, '2021-12-19 07:48:22', '2021-12-19 07:48:22'),
(85, 'Name-160', 'bg03.jpg', 90, 91, 92, '2021-12-19 07:48:22', '2021-12-19 07:48:22'),
(86, 'Name-590', 'bg09.jpg', 90, 91, 92, '2021-12-19 07:48:22', '2021-12-19 07:48:22'),
(87, 'Name-892', 'bg10.jpg', 90, 91, 92, '2021-12-19 07:48:22', '2021-12-19 07:48:22'),
(88, 'Name-800', 'bg05.jpg', 90, 91, 92, '2021-12-19 07:48:22', '2021-12-19 07:48:22'),
(89, 'Name-212', 'bg08.jpg', 90, 91, 92, '2021-12-19 07:48:22', '2021-12-19 07:48:22'),
(90, 'Name-684', 'bg02.jpg', 90, 91, 92, '2021-12-19 07:48:22', '2021-12-19 07:48:22'),
(91, 'Name-549', 'bg07.jpg', 90, 91, 92, '2021-12-19 07:48:22', '2021-12-19 07:48:22'),
(92, 'Name-677', 'bg04.jpg', 90, 91, 92, '2021-12-19 07:48:22', '2021-12-19 07:48:22'),
(93, 'Name-726', 'bg10.jpg', 90, 91, 92, '2021-12-19 07:48:22', '2021-12-19 07:48:22'),
(94, 'Name-214', 'bg10.jpg', 90, 91, 92, '2021-12-19 07:48:22', '2021-12-19 07:48:22'),
(95, 'Name-455', 'bg08.jpg', 90, 91, 92, '2021-12-19 07:48:22', '2021-12-19 07:48:22'),
(96, 'Name-447', 'bg03.jpg', 90, 91, 92, '2021-12-19 07:48:22', '2021-12-19 07:48:22'),
(97, 'Name-954', 'bg09.jpg', 90, 91, 92, '2021-12-19 07:48:22', '2021-12-19 07:48:22'),
(98, 'Name-794', 'bg03.jpg', 90, 91, 92, '2021-12-19 07:48:22', '2021-12-19 07:48:22'),
(99, 'Name-663', 'bg05.jpg', 90, 91, 92, '2021-12-19 07:48:22', '2021-12-19 07:48:22'),
(100, 'Name-631', 'bg05.jpg', 90, 91, 92, '2021-12-19 07:48:22', '2021-12-19 07:48:22'),
(101, 'Name-931', 'bg08.jpg', 90, 91, 92, '2021-12-19 07:48:22', '2021-12-19 07:48:22'),
(102, 'Name-711', 'bg04.jpg', 90, 91, 92, '2021-12-19 07:48:22', '2021-12-19 07:48:22'),
(103, 'Name-705', 'bg10.jpg', 90, 91, 92, '2021-12-19 07:48:22', '2021-12-19 07:48:22'),
(104, 'Name-204', 'bg09.jpg', 90, 91, 92, '2021-12-19 07:48:22', '2021-12-19 07:48:22'),
(105, 'Name-446', 'bg03.jpg', 90, 91, 92, '2021-12-19 07:48:22', '2021-12-19 07:48:22'),
(106, 'Name-636', 'bg08.jpg', 90, 91, 92, '2021-12-19 07:48:22', '2021-12-19 07:48:22'),
(107, 'Name-375', 'bg03.jpg', 90, 91, 92, '2021-12-19 07:48:22', '2021-12-19 07:48:22'),
(108, 'Name-470', 'bg02.jpg', 90, 91, 92, '2021-12-19 07:48:22', '2021-12-19 07:48:22'),
(109, 'Name-41', 'bg04.jpg', 90, 91, 92, '2021-12-19 07:48:22', '2021-12-19 07:48:22'),
(110, 'Name-325', 'bg07.jpg', 90, 91, 92, '2021-12-19 07:48:22', '2021-12-19 07:48:22'),
(111, 'Name-0', 'bg03.jpg', 90, 91, 92, '2021-12-19 07:48:22', '2021-12-19 07:48:22'),
(112, 'Name-512', 'bg10.jpg', 90, 91, 92, '2021-12-19 07:48:22', '2021-12-19 07:48:22'),
(113, 'Name-419', 'bg10.jpg', 90, 91, 92, '2021-12-19 07:48:22', '2021-12-19 07:48:22'),
(114, 'Name-560', 'bg01.jpg', 90, 91, 92, '2021-12-19 07:48:22', '2021-12-19 07:48:22'),
(115, 'Name-463', 'bg07.jpg', 90, 91, 92, '2021-12-19 07:48:22', '2021-12-19 07:48:22'),
(116, 'Name-714', 'bg01.jpg', 90, 91, 92, '2021-12-19 07:48:22', '2021-12-19 07:48:22'),
(117, 'Name-709', 'bg07.jpg', 90, 91, 92, '2021-12-19 07:48:22', '2021-12-19 07:48:22'),
(118, 'Name-881', 'bg09.jpg', 90, 91, 92, '2021-12-19 07:48:22', '2021-12-19 07:48:22'),
(119, 'Name-463', 'bg09.jpg', 90, 91, 92, '2021-12-19 07:48:22', '2021-12-19 07:48:22'),
(120, 'Name-619', 'bg05.jpg', 90, 91, 92, '2021-12-19 07:48:22', '2021-12-19 07:48:22'),
(121, 'Name-723', 'bg03.jpg', 90, 91, 92, '2021-12-19 07:48:22', '2021-12-19 07:48:22'),
(122, 'Name-908', 'bg09.jpg', 90, 91, 92, '2021-12-19 07:48:22', '2021-12-19 07:48:22'),
(123, 'Name-36', 'bg09.jpg', 90, 91, 92, '2021-12-19 07:48:22', '2021-12-19 07:48:22'),
(124, 'Name-820', 'bg08.jpg', 90, 91, 92, '2021-12-19 07:48:22', '2021-12-19 07:48:22'),
(125, 'Name-748', 'bg06.jpg', 90, 91, 92, '2021-12-19 07:48:22', '2021-12-19 07:48:22'),
(126, 'Name-437', 'bg01.jpg', 90, 91, 92, '2021-12-19 07:48:22', '2021-12-19 07:48:22'),
(127, 'Name-177', 'bg10.jpg', 90, 91, 92, '2021-12-19 07:48:22', '2021-12-19 07:48:22'),
(128, 'Name-497', 'bg09.jpg', 90, 91, 92, '2021-12-19 07:48:22', '2021-12-19 07:48:22'),
(129, 'Name-80', 'bg06.jpg', 90, 91, 92, '2021-12-19 07:48:22', '2021-12-19 07:48:22'),
(130, 'Name-286', 'bg01.jpg', 90, 91, 92, '2021-12-19 07:48:22', '2021-12-19 07:48:22'),
(131, 'Name-501', 'bg02.jpg', 90, 91, 92, '2021-12-19 07:48:22', '2021-12-19 07:48:22'),
(132, 'Name-938', 'bg08.jpg', 90, 91, 92, '2021-12-19 07:48:22', '2021-12-19 07:48:22'),
(133, 'Name-495', 'bg06.jpg', 90, 91, 92, '2021-12-19 07:48:22', '2021-12-19 07:48:22'),
(134, 'Name-90', 'bg04.jpg', 90, 91, 92, '2021-12-19 07:48:22', '2021-12-19 07:48:22'),
(135, 'Name-864', 'bg10.jpg', 90, 91, 92, '2021-12-19 07:48:22', '2021-12-19 07:48:22'),
(136, 'Name-590', 'bg10.jpg', 90, 91, 92, '2021-12-19 07:48:22', '2021-12-19 07:48:22'),
(137, 'Name-731', 'bg09.jpg', 90, 91, 92, '2021-12-19 07:48:22', '2021-12-19 07:48:22'),
(138, 'Name-878', 'bg02.jpg', 90, 91, 92, '2021-12-19 07:48:22', '2021-12-19 07:48:22'),
(139, 'Name-10', 'bg08.jpg', 90, 91, 92, '2021-12-19 07:48:22', '2021-12-19 07:48:22'),
(140, 'Name-662', 'bg10.jpg', 90, 91, 92, '2021-12-19 07:48:22', '2021-12-19 07:48:22'),
(141, 'Name-959', 'bg03.jpg', 90, 91, 92, '2021-12-19 07:48:22', '2021-12-19 07:48:22'),
(142, 'Name-452', 'bg03.jpg', 90, 91, 92, '2021-12-19 07:48:22', '2021-12-19 07:48:22'),
(143, 'Name-663', 'bg02.jpg', 90, 91, 92, '2021-12-19 07:48:22', '2021-12-19 07:48:22'),
(144, 'Name-520', 'bg02.jpg', 90, 91, 92, '2021-12-19 07:48:22', '2021-12-19 07:48:22'),
(145, 'Name-775', 'bg10.jpg', 90, 91, 92, '2021-12-19 07:48:22', '2021-12-19 07:48:22'),
(146, 'Name-619', 'bg09.jpg', 90, 91, 92, '2021-12-19 07:48:22', '2021-12-19 07:48:22'),
(147, 'Name-711', 'bg08.jpg', 90, 91, 92, '2021-12-19 07:48:22', '2021-12-19 07:48:22'),
(148, 'Name-321', 'bg05.jpg', 90, 91, 92, '2021-12-19 07:48:22', '2021-12-19 07:48:22'),
(149, 'Name-83', 'bg01.jpg', 90, 91, 92, '2021-12-19 07:48:22', '2021-12-19 07:48:22'),
(150, 'Name-478', 'bg05.jpg', 90, 91, 92, '2021-12-19 07:48:22', '2021-12-19 07:48:22'),
(151, 'Name-151', 'bg01.jpg', 90, 91, 92, '2021-12-19 07:48:22', '2021-12-19 07:48:22'),
(152, 'Name-123', 'bg03.jpg', 90, 91, 92, '2021-12-19 07:48:22', '2021-12-19 07:48:22'),
(153, 'Name-792', 'bg05.jpg', 90, 91, 92, '2021-12-19 07:48:22', '2021-12-19 07:48:22'),
(154, 'Name-40', 'bg08.jpg', 90, 91, 92, '2021-12-19 07:48:22', '2021-12-19 07:48:22'),
(155, 'Name-448', 'bg06.jpg', 90, 91, 92, '2021-12-19 07:48:22', '2021-12-19 07:48:22'),
(156, 'Name-331', 'bg02.jpg', 90, 91, 92, '2021-12-19 07:48:22', '2021-12-19 07:48:22'),
(157, 'Name-958', 'bg01.jpg', 90, 91, 92, '2021-12-19 07:48:22', '2021-12-19 07:48:22'),
(158, 'Name-739', 'bg10.jpg', 90, 91, 92, '2021-12-19 07:48:22', '2021-12-19 07:48:22'),
(159, 'Name-931', 'bg04.jpg', 90, 91, 92, '2021-12-19 07:48:22', '2021-12-19 07:48:22'),
(160, 'Name-213', 'bg04.jpg', 90, 91, 92, '2021-12-19 07:48:22', '2021-12-19 07:48:22'),
(161, 'Name-96', 'bg08.jpg', 90, 91, 92, '2021-12-19 07:48:22', '2021-12-19 07:48:22'),
(162, 'Name-380', 'bg03.jpg', 90, 91, 92, '2021-12-19 07:48:22', '2021-12-19 07:48:22'),
(163, 'Name-375', 'bg01.jpg', 90, 91, 92, '2021-12-19 07:48:22', '2021-12-19 07:48:22'),
(164, 'Name-531', 'bg06.jpg', 90, 91, 92, '2021-12-19 07:48:22', '2021-12-19 07:48:22'),
(165, 'Name-933', 'bg02.jpg', 90, 91, 92, '2021-12-19 07:48:22', '2021-12-19 07:48:22'),
(166, 'Name-174', 'bg03.jpg', 90, 91, 92, '2021-12-19 07:48:22', '2021-12-19 07:48:22'),
(167, 'Name-563', 'bg06.jpg', 90, 91, 92, '2021-12-19 07:48:22', '2021-12-19 07:48:22'),
(168, 'Name-310', 'bg08.jpg', 90, 91, 92, '2021-12-19 07:48:22', '2021-12-19 07:48:22'),
(169, 'Name-919', 'bg09.jpg', 90, 91, 92, '2021-12-19 07:48:22', '2021-12-19 07:48:22'),
(170, 'Name-873', 'bg09.jpg', 90, 91, 92, '2021-12-19 07:48:22', '2021-12-19 07:48:22'),
(171, 'Name-43', 'bg09.jpg', 90, 91, 92, '2021-12-19 07:48:22', '2021-12-19 07:48:22'),
(172, 'Name-269', 'bg03.jpg', 90, 91, 92, '2021-12-19 07:48:22', '2021-12-19 07:48:22'),
(173, 'Name-578', 'bg02.jpg', 90, 91, 92, '2021-12-19 07:48:22', '2021-12-19 07:48:22'),
(174, 'Name-185', 'bg09.jpg', 90, 91, 92, '2021-12-19 07:48:22', '2021-12-19 07:48:22'),
(175, 'Name-707', 'bg07.jpg', 90, 91, 92, '2021-12-19 07:48:22', '2021-12-19 07:48:22'),
(176, 'Name-691', 'bg03.jpg', 90, 91, 92, '2021-12-19 07:48:22', '2021-12-19 07:48:22'),
(177, 'Name-695', 'bg01.jpg', 90, 91, 92, '2021-12-19 07:48:22', '2021-12-19 07:48:22'),
(178, 'Name-344', 'bg07.jpg', 90, 91, 92, '2021-12-19 07:48:22', '2021-12-19 07:48:22'),
(179, 'Name-920', 'bg09.jpg', 90, 91, 92, '2021-12-19 07:48:22', '2021-12-19 07:48:22'),
(180, 'Name-104', 'bg06.jpg', 90, 91, 92, '2021-12-19 07:48:22', '2021-12-19 07:48:22'),
(181, 'Name-89', 'bg08.jpg', 90, 91, 92, '2021-12-19 07:48:22', '2021-12-19 07:48:22'),
(182, 'Name-559', 'bg10.jpg', 90, 91, 92, '2021-12-19 07:48:22', '2021-12-19 07:48:22'),
(183, 'Name-539', 'bg01.jpg', 90, 91, 92, '2021-12-19 07:48:22', '2021-12-19 07:48:22'),
(184, 'Name-389', 'bg03.jpg', 90, 91, 92, '2021-12-19 07:48:22', '2021-12-19 07:48:22'),
(185, 'Name-931', 'bg07.jpg', 90, 91, 92, '2021-12-19 07:48:22', '2021-12-19 07:48:22'),
(186, 'Name-222', 'bg09.jpg', 90, 91, 92, '2021-12-19 07:48:22', '2021-12-19 07:48:22'),
(187, 'Name-339', 'bg02.jpg', 90, 91, 92, '2021-12-19 07:48:22', '2021-12-19 07:48:22'),
(188, 'Name-100', 'bg02.jpg', 90, 91, 92, '2021-12-19 07:48:22', '2021-12-19 07:48:22'),
(189, 'Name-382', 'bg04.jpg', 90, 91, 92, '2021-12-19 07:48:22', '2021-12-19 07:48:22'),
(190, 'Name-312', 'bg02.jpg', 90, 91, 92, '2021-12-19 07:48:22', '2021-12-19 07:48:22'),
(191, 'Name-682', 'bg08.jpg', 90, 91, 92, '2021-12-19 07:48:22', '2021-12-19 07:48:22'),
(192, 'Name-553', 'bg06.jpg', 90, 91, 92, '2021-12-19 07:48:22', '2021-12-19 07:48:22'),
(193, 'Name-41', 'bg09.jpg', 90, 91, 92, '2021-12-19 07:48:22', '2021-12-19 07:48:22'),
(194, 'Name-446', 'bg10.jpg', 90, 91, 92, '2021-12-19 07:48:22', '2021-12-19 07:48:22'),
(195, 'Name-471', 'bg08.jpg', 90, 91, 92, '2021-12-19 07:48:22', '2021-12-19 07:48:22'),
(196, 'Name-459', 'bg03.jpg', 90, 91, 92, '2021-12-19 07:48:22', '2021-12-19 07:48:22'),
(197, 'Name-136', 'bg02.jpg', 90, 91, 92, '2021-12-19 07:48:22', '2021-12-19 07:48:22'),
(198, 'Name-618', 'bg10.jpg', 90, 91, 92, '2021-12-19 07:48:22', '2021-12-19 07:48:22'),
(199, 'Name-74', 'bg05.jpg', 90, 91, 92, '2021-12-19 07:48:22', '2021-12-19 07:48:22'),
(200, 'Name-49', 'bg07.jpg', 90, 91, 92, '2021-12-19 07:48:22', '2021-12-19 07:48:22'),
(201, 'Name-292', 'bg04.jpg', 90, 91, 92, '2021-12-19 07:48:22', '2021-12-19 07:48:22'),
(202, 'Name-886', 'bg09.jpg', 90, 91, 92, '2021-12-19 07:48:22', '2021-12-19 07:48:22'),
(203, 'Name-162', 'bg07.jpg', 90, 91, 92, '2021-12-19 07:48:22', '2021-12-19 07:48:22'),
(204, 'Name-533', 'bg04.jpg', 90, 91, 92, '2021-12-19 07:48:22', '2021-12-19 07:48:22'),
(205, 'Name-7', 'bg09.jpg', 90, 91, 92, '2021-12-19 07:48:22', '2021-12-19 07:48:22'),
(206, 'Name-127', 'bg02.jpg', 90, 91, 92, '2021-12-19 07:48:22', '2021-12-19 07:48:22'),
(207, 'Name-518', 'bg01.jpg', 90, 91, 92, '2021-12-19 07:48:22', '2021-12-19 07:48:22'),
(208, 'Name-558', 'bg05.jpg', 90, 91, 92, '2021-12-19 07:48:22', '2021-12-19 07:48:22'),
(209, 'Name-171', 'bg03.jpg', 90, 91, 92, '2021-12-19 07:48:22', '2021-12-19 07:48:22'),
(210, 'Name-585', 'bg06.jpg', 90, 91, 92, '2021-12-19 07:48:22', '2021-12-19 07:48:22'),
(211, 'Name-393', 'bg01.jpg', 90, 91, 92, '2021-12-19 07:48:22', '2021-12-19 07:48:22'),
(212, 'Name-420', 'bg05.jpg', 90, 91, 92, '2021-12-19 07:48:22', '2021-12-19 07:48:22'),
(213, 'Name-960', 'bg01.jpg', 90, 91, 92, '2021-12-19 07:48:22', '2021-12-19 07:48:22'),
(214, 'Name-383', 'bg10.jpg', 90, 91, 92, '2021-12-19 07:48:22', '2021-12-19 07:48:22'),
(215, 'Name-632', 'bg02.jpg', 90, 91, 92, '2021-12-19 07:48:22', '2021-12-19 07:48:22'),
(216, 'Name-174', 'bg05.jpg', 90, 91, 92, '2021-12-19 07:48:22', '2021-12-19 07:48:22'),
(217, 'Name-918', 'bg05.jpg', 90, 91, 92, '2021-12-19 07:48:22', '2021-12-19 07:48:22'),
(218, 'Name-56', 'bg09.jpg', 90, 91, 92, '2021-12-19 07:48:22', '2021-12-19 07:48:22'),
(219, 'Name-481', 'bg09.jpg', 90, 91, 92, '2021-12-19 07:48:22', '2021-12-19 07:48:22'),
(220, 'Name-884', 'bg01.jpg', 90, 91, 92, '2021-12-19 07:48:22', '2021-12-19 07:48:22'),
(221, 'Name-857', 'bg10.jpg', 90, 91, 92, '2021-12-19 07:48:22', '2021-12-19 07:48:22'),
(222, 'Name-542', 'bg01.jpg', 90, 91, 92, '2021-12-19 07:48:22', '2021-12-19 07:48:22'),
(223, 'Name-610', 'bg06.jpg', 90, 91, 92, '2021-12-19 07:48:22', '2021-12-19 07:48:22'),
(224, 'Name-118', 'bg06.jpg', 90, 91, 92, '2021-12-19 07:48:22', '2021-12-19 07:48:22'),
(225, 'Name-109', 'bg04.jpg', 90, 91, 92, '2021-12-19 07:48:22', '2021-12-19 07:48:22'),
(226, 'Name-959', 'bg04.jpg', 90, 91, 92, '2021-12-19 07:48:22', '2021-12-19 07:48:22'),
(227, 'Name-355', 'bg03.jpg', 90, 91, 92, '2021-12-19 07:48:22', '2021-12-19 07:48:22'),
(228, 'Name-237', 'bg02.jpg', 90, 91, 92, '2021-12-19 07:48:22', '2021-12-19 07:48:22'),
(229, 'Name-196', 'bg01.jpg', 90, 91, 92, '2021-12-19 07:48:22', '2021-12-19 07:48:22'),
(230, 'Name-115', 'bg02.jpg', 90, 91, 92, '2021-12-19 07:48:22', '2021-12-19 07:48:22'),
(231, 'Name-871', 'bg03.jpg', 90, 91, 92, '2021-12-19 07:48:22', '2021-12-19 07:48:22'),
(232, 'Name-253', 'bg10.jpg', 90, 91, 92, '2021-12-19 07:48:22', '2021-12-19 07:48:22'),
(233, 'Name-957', 'bg10.jpg', 90, 91, 92, '2021-12-19 07:48:22', '2021-12-19 07:48:22'),
(234, 'Name-592', 'bg03.jpg', 90, 91, 92, '2021-12-19 07:48:22', '2021-12-19 07:48:22'),
(235, 'Name-483', 'bg03.jpg', 90, 91, 92, '2021-12-19 07:48:22', '2021-12-19 07:48:22'),
(236, 'Name-313', 'bg09.jpg', 90, 91, 92, '2021-12-19 07:48:22', '2021-12-19 07:48:22'),
(237, 'Name-941', 'bg10.jpg', 90, 91, 92, '2021-12-19 07:48:22', '2021-12-19 07:48:22'),
(238, 'Name-312', 'bg09.jpg', 90, 91, 92, '2021-12-19 07:48:22', '2021-12-19 07:48:22'),
(239, 'Name-946', 'bg09.jpg', 90, 91, 92, '2021-12-19 07:48:22', '2021-12-19 07:48:22'),
(240, 'Name-437', 'bg05.jpg', 90, 91, 92, '2021-12-19 07:48:22', '2021-12-19 07:48:22'),
(241, 'Name-59', 'bg02.jpg', 90, 91, 92, '2021-12-19 07:48:22', '2021-12-19 07:48:22'),
(242, 'Name-396', 'bg07.jpg', 90, 91, 92, '2021-12-19 07:48:22', '2021-12-19 07:48:22'),
(243, 'Name-983', 'bg01.jpg', 90, 91, 92, '2021-12-19 07:48:22', '2021-12-19 07:48:22'),
(244, 'Name-342', 'bg06.jpg', 90, 91, 92, '2021-12-19 07:48:22', '2021-12-19 07:48:22'),
(245, 'Name-215', 'bg09.jpg', 90, 91, 92, '2021-12-19 07:48:22', '2021-12-19 07:48:22'),
(246, 'Name-375', 'bg03.jpg', 90, 91, 92, '2021-12-19 07:48:22', '2021-12-19 07:48:22'),
(247, 'Name-386', 'bg09.jpg', 90, 91, 92, '2021-12-19 07:48:22', '2021-12-19 07:48:22'),
(248, 'Name-127', 'bg04.jpg', 90, 91, 92, '2021-12-19 07:48:22', '2021-12-19 07:48:22'),
(249, 'Name-396', 'bg04.jpg', 90, 91, 92, '2021-12-19 07:48:22', '2021-12-19 07:48:22'),
(250, 'Name-232', 'bg10.jpg', 90, 91, 92, '2021-12-19 07:48:22', '2021-12-19 07:48:22');

-- --------------------------------------------------------

--
-- 資料表結構 `users`
--

CREATE TABLE `users` (
  `id` bigint(20) UNSIGNED NOT NULL,
  `name` varchar(255) COLLATE utf8mb4_unicode_ci NOT NULL,
  `email` varchar(255) COLLATE utf8mb4_unicode_ci NOT NULL,
  `email_verified_at` timestamp NULL DEFAULT NULL,
  `password` varchar(255) COLLATE utf8mb4_unicode_ci NOT NULL,
  `remember_token` varchar(100) COLLATE utf8mb4_unicode_ci DEFAULT NULL,
  `created_at` timestamp NULL DEFAULT NULL,
  `updated_at` timestamp NULL DEFAULT NULL
) ENGINE=InnoDB DEFAULT CHARSET=utf8mb4 COLLATE=utf8mb4_unicode_ci;

--
-- 已傾印資料表的索引
--

--
-- 資料表索引 `failed_jobs`
--
ALTER TABLE `failed_jobs`
  ADD PRIMARY KEY (`id`),
  ADD UNIQUE KEY `failed_jobs_uuid_unique` (`uuid`);

--
-- 資料表索引 `locations`
--
ALTER TABLE `locations`
  ADD PRIMARY KEY (`id`);

--
-- 資料表索引 `loves`
--
ALTER TABLE `loves`
  ADD PRIMARY KEY (`id`);

--
-- 資料表索引 `migrations`
--
ALTER TABLE `migrations`
  ADD PRIMARY KEY (`id`);

--
-- 資料表索引 `password_resets`
--
ALTER TABLE `password_resets`
  ADD KEY `password_resets_email_index` (`email`);

--
-- 資料表索引 `personal_access_tokens`
--
ALTER TABLE `personal_access_tokens`
  ADD PRIMARY KEY (`id`),
  ADD UNIQUE KEY `personal_access_tokens_token_unique` (`token`),
  ADD KEY `personal_access_tokens_tokenable_type_tokenable_id_index` (`tokenable_type`,`tokenable_id`);

--
-- 資料表索引 `phones`
--
ALTER TABLE `phones`
  ADD PRIMARY KEY (`id`);

--
-- 資料表索引 `students`
--
ALTER TABLE `students`
  ADD PRIMARY KEY (`id`);

--
-- 資料表索引 `users`
--
ALTER TABLE `users`
  ADD PRIMARY KEY (`id`),
  ADD UNIQUE KEY `users_email_unique` (`email`);

--
-- 在傾印的資料表使用自動遞增(AUTO_INCREMENT)
--

--
-- 使用資料表自動遞增(AUTO_INCREMENT) `failed_jobs`
--
ALTER TABLE `failed_jobs`
  MODIFY `id` bigint(20) UNSIGNED NOT NULL AUTO_INCREMENT;

--
-- 使用資料表自動遞增(AUTO_INCREMENT) `locations`
--
ALTER TABLE `locations`
  MODIFY `id` bigint(20) UNSIGNED NOT NULL AUTO_INCREMENT;

--
-- 使用資料表自動遞增(AUTO_INCREMENT) `loves`
--
ALTER TABLE `loves`
  MODIFY `id` bigint(20) UNSIGNED NOT NULL AUTO_INCREMENT, AUTO_INCREMENT=1013;

--
-- 使用資料表自動遞增(AUTO_INCREMENT) `migrations`
--
ALTER TABLE `migrations`
  MODIFY `id` int(10) UNSIGNED NOT NULL AUTO_INCREMENT, AUTO_INCREMENT=15;

--
-- 使用資料表自動遞增(AUTO_INCREMENT) `personal_access_tokens`
--
ALTER TABLE `personal_access_tokens`
  MODIFY `id` bigint(20) UNSIGNED NOT NULL AUTO_INCREMENT;

--
-- 使用資料表自動遞增(AUTO_INCREMENT) `phones`
--
ALTER TABLE `phones`
  MODIFY `id` bigint(20) UNSIGNED NOT NULL AUTO_INCREMENT, AUTO_INCREMENT=251;

--
-- 使用資料表自動遞增(AUTO_INCREMENT) `students`
--
ALTER TABLE `students`
  MODIFY `id` bigint(20) UNSIGNED NOT NULL AUTO_INCREMENT, AUTO_INCREMENT=251;

--
-- 使用資料表自動遞增(AUTO_INCREMENT) `users`
--
ALTER TABLE `users`
  MODIFY `id` bigint(20) UNSIGNED NOT NULL AUTO_INCREMENT;
COMMIT;

/*!40101 SET CHARACTER_SET_CLIENT=@OLD_CHARACTER_SET_CLIENT */;
/*!40101 SET CHARACTER_SET_RESULTS=@OLD_CHARACTER_SET_RESULTS */;
/*!40101 SET COLLATION_CONNECTION=@OLD_COLLATION_CONNECTION */;
